name,gt_dbh_cm,pred_dbh_cm,abs_err_cm,rel_err_pct,gt_dist_m,pred_depth_m,confidence,seg_source,server_yolo_confidence,server_yolo_positive_px,phone_yolo_bbox_sent,phone_yolo_confidence,upload_width,upload_height,upload_scale,jpeg_quality,processing_width,processing_height,depth_estimation_ms,detection_ms,segmentation_ms,dbh_calculation_ms,elapsed_s,ok,error
00CC1E5F-4EA1-4AA4-8828-D0E60B632B7F-231103163010,56.39999999999999,46.6,9.79999999999999,17.375886524822683,2.4969,,0.885,server_yolo_seg,0.74853515625,83982,True,0.6277884840965271,810,1080,0.5625,85,600,800,617.6,0.0,71.5,4.0,0.9079995155334473,True,
00E6190A-4D41-41CD-8FE1-B36E79A59793-231102165223,39.800000000000004,32.22,7.580000000000005,19.04522613065328,0.8474,,0.823,server_yolo_seg,0.8505859375,176789,True,0.8763675093650818,810,1080,0.5625,85,600,800,617.7,0.0,82.3,6.0,0.9188804626464844,True,
0151C7D1-F6D7-41FD-BF35-0186A4A122D3-231106165832,41.0,38.44,2.5600000000000023,6.243902439024396,1.1549,,0.819,server_yolo_seg,0.85595703125,157383,True,0.8702917098999023,810,1080,0.5625,85,600,800,617.7,0.0,74.0,6.0,0.9331271648406982,True,
01EA669D-D466-446C-9099-AFC61378584E-231106164921,21.0,21.4,0.3999999999999986,1.904761904761898,0.8377,,0.833,server_yolo_seg,0.8427734375,103628,True,0.8164160251617432,810,1080,0.5625,85,600,800,617.6,0.0,71.1,6.0,0.9137940406799316,True,
047DC49B-1361-4F16-AC46-7A1B827719D0-231102162939,34.0,28.41,5.59,16.441176470588236,0.8826,,0.837,server_yolo_seg,0.8193359375,149333,True,0.8690361380577087,810,1080,0.5625,85,600,800,620.3,0.0,88.7,7.0,0.9152309894561768,True,
05244CBC-3E5D-493F-B533-6F1A028AD898-231106164652,18.3,19.41,1.1099999999999994,6.0655737704918,0.5198,,0.842,server_yolo_seg,0.798828125,136464,True,0.8521872162818909,810,1080,0.5625,85,600,800,617.6,1.0,73.5,7.0,0.9013931751251221,True,
0529AAC7-B5BF-4D90-8214-C599E34F9473-231103165712,50.3,38.5,11.799999999999997,23.45924453280318,1.4786,,0.886,server_yolo_seg,0.84619140625,147968,True,0.8261221647262573,810,1080,0.5625,85,600,800,618.3,0.0,76.5,8.0,0.9080502986907959,True,
05D92A4E-C76D-4AD1-8C7F-EF7AFC9CCAEF-231106165041,18.4,22.06,3.66,19.89130434782609,0.3672,,0.711,server_yolo_seg,0.84912109375,182404,True,0.8704037666320801,810,1080,0.5625,85,600,800,618.3,0.0,75.0,7.0,0.909766435623169,True,
06DE8A9E-4227-4848-8E9D-E8ACF1584CDB-231103163442,55.800000000000004,55.08,0.720000000000006,1.290322580645172,0.7664,,0.84,server_yolo_seg,0.85888671875,284573,True,0.9138372540473938,810,1080,0.5625,85,600,800,618.0,0.0,89.5,13.0,0.9165406227111816,True,
06E0352F-BDCD-4A56-8A8C-4E53FDDDF4D9-231103170935,22.0,19.11,2.8900000000000006,13.136363636363638,1.037,,0.816,server_yolo_seg,0.818359375,98806,True,0.8151074647903442,810,1080,0.5625,85,600,800,619.2,0.0,68.0,5.0,0.914724588394165,True,
07D87441-1C0D-4611-978F-A35444A88349-231103164414,63.3,49.79,13.509999999999998,21.34281200631911,1.765,,0.846,server_yolo_seg,0.837890625,177822,True,0.8015580177307129,810,1080,0.5625,85,600,800,617.6,0.0,79.7,8.0,0.9034116268157959,True,
089F7B5D-B3BC-4512-9D1A-8AD28B9000EA-231106164449,22.7,20.33,2.370000000000001,10.44052863436124,0.9215,,0.833,server_yolo_seg,0.849609375,93385,True,0.8160018920898438,810,1080,0.5625,85,600,800,617.9,0.0,69.5,6.0,0.9291925430297852,True,
0AA84885-4F46-40FB-9EC3-91A1AE81A3AD-231030173704,22.400000000000002,18.45,3.950000000000003,17.633928571428584,0.929,,0.833,server_yolo_seg,0.7998046875,108867,True,0.8156803846359253,810,1080,0.5625,85,600,800,617.9,0.0,74.0,4.5,0.890692949295044,True,
0C395810-9DC5-424A-B54B-CC735E377675-231102162336,31.6,38.66,7.059999999999995,22.341772151898716,0.4364,,0.721,server_yolo_seg,0.876953125,287485,True,0.8964859247207642,810,1080,0.5625,85,600,800,615.9,0.0,83.5,13.0,0.9209244251251221,True,
0DCFC853-F356-4D00-81A1-10BC8E8D4719-231103163954,66.2,52.82,13.380000000000003,20.211480362537767,3.005,,0.825,server_yolo_seg,0.7724609375,103191,True,0.7234420776367188,810,1080,0.5625,85,600,800,621.8,0.0,72.5,6.0,0.8883798122406006,True,
0F66C027-021D-4FB7-AB62-070D252723E0-231106171720,50.0,41.67,8.329999999999998,16.659999999999997,1.0146,,0.84,server_yolo_seg,0.873046875,192260,True,0.8935203552246094,810,1080,0.5625,85,600,800,617.5,0.0,120.5,9.0,0.951988697052002,True,
101405DF-156A-44E7-93A6-65CC710CCFDB-231103164950,56.00000000000001,44.29,11.710000000000008,20.910714285714295,1.1891,,0.817,server_yolo_seg,0.87451171875,194146,True,0.8936501741409302,810,1080,0.5625,85,600,800,615.9,0.0,83.1,7.0,0.894207239151001,True,
103A1443-6E22-4E8F-B83D-C15685B76350-231103163539,55.00000000000001,51.51,3.490000000000009,6.345454545454561,1.2088,,0.906,server_yolo_seg,0.86474609375,193697,True,0.8594034314155579,810,1080,0.5625,85,600,800,617.3,0.0,80.8,9.0,0.9127709865570068,True,
1098945F-375C-4BDE-A261-6FC5A4DB9BA9-231106172111,46.5,41.2,5.299999999999997,11.397849462365585,1.9989,,0.891,server_yolo_seg,0.78515625,96470,True,0.7969449758529663,810,1080,0.5625,85,600,800,618.9,0.0,69.5,7.0,0.8900101184844971,True,
114A5D61-7279-48CB-937C-0CE1036AF38E-231102160238,86.9,60.74,26.160000000000004,30.103567318757197,1.9538,,0.825,server_yolo_seg,0.85107421875,225591,True,0.8384411334991455,810,1080,0.5625,85,600,800,617.4,0.0,80.0,14.0,0.944633960723877,True,
12517CBD-CF45-4032-A19F-1F29008AC541-231102165123,39.6,48.09,8.490000000000002,21.439393939393945,0.547,,0.82,server_yolo_seg,0.8427734375,267859,True,0.9032732844352722,810,1080,0.5625,85,600,800,617.9,0.0,88.5,12.0,0.901176929473877,True,
135B185B-A8C1-4B76-877B-27D76B47CF77-231102160038,87.0,64.39,22.61,25.988505747126432,3.8906,,0.838,server_yolo_seg,0.80126953125,74824,True,0.8037654757499695,810,1080,0.5625,85,600,800,617.6,0.0,68.5,6.0,0.893826961517334,True,
14A2628E-1665-4FAC-984C-0D0978E97E47-231102163821,32.4,35.48,3.0799999999999983,9.506172839506167,0.6801,,0.833,server_yolo_seg,0.85498046875,189561,True,0.9068529009819031,810,1080,0.5625,85,600,800,618.2,0.0,75.5,8.0,0.9165430068969727,True,
17DAA953-0E8F-4B7D-B346-C8E0D115FC55-231030173153,21.099999999999998,27.21,6.110000000000003,28.957345971563996,0.3768,,0.71,server_yolo_seg,0.88427734375,231801,True,0.9091130495071411,810,1080,0.5625,85,600,800,619.3,0.0,77.0,12.5,0.9014279842376709,True,
19B04FAB-0192-4101-B04B-49E3543BB267-231106171855,47.099999999999994,40.95,6.1499999999999915,13.057324840764315,0.9141,,0.806,server_yolo_seg,0.853515625,204015,True,0.8552796244621277,810,1080,0.5625,85,600,800,618.2,0.0,78.0,12.0,0.9062705039978027,True,
1B729CC9-5706-4937-A3D3-C84D371CD5E4-231030173628,23.7,20.25,3.4499999999999993,14.556962025316453,0.5833,,0.834,server_yolo_seg,0.8525390625,149924,True,0.8509451746940613,810,1080,0.5625,85,600,800,618.6,0.0,69.5,6.0,0.887408971786499,True,
1BF7D86C-6A79-4077-8C6D-A2DFA6C0047B-231106170858,42.0,37.66,4.340000000000003,10.333333333333341,0.91,,0.815,server_yolo_seg,0.85595703125,196154,True,0.8798200488090515,810,1080,0.5625,85,600,800,618.5,0.0,75.5,7.0,0.8747348785400391,True,
1CB40971-2173-4907-8E1A-DD41CEB94E52-231106171254,40.400000000000006,34.82,5.580000000000005,13.811881188118825,1.1936,,0.819,server_yolo_seg,0.84716796875,151708,True,0.8317348957061768,810,1080,0.5625,85,600,800,615.9,0.0,68.1,6.0,0.8639693260192871,True,
1CB59FD1-904F-437E-AB5D-461BE9E99AFE-231102160500,88.0,62.65,25.35,28.806818181818183,1.5002,,0.805,server_yolo_seg,0.88525390625,238082,True,0.8883568048477173,810,1080,0.5625,85,600,800,616.5,0.0,86.3,12.0,0.8953871726989746,True,
1E4C4E78-C31A-4765-A7B1-414378D1650B-231106165935,36.5,47.73,11.229999999999997,30.76712328767122,0.4825,,0.829,server_yolo_seg,0.8896484375,298813,True,0.9098921418190002,810,1080,0.5625,85,600,800,616.7,0.0,91.2,14.0,0.9152984619140625,True,
200BC94B-A789-4ED7-8345-46400C3B6A2D-231030171923,62.5,45.54,16.96,27.136,2.4362,,0.899,server_yolo_seg,0.77685546875,91631,True,0.7375140190124512,810,1080,0.5625,85,600,800,617.6,0.0,70.5,6.0,0.889091968536377,True,
20E75B14-9766-4946-97EC-7813FFB135D0-231102162917,33.7,30.8,2.900000000000002,8.605341246290807,0.6798,,0.832,server_yolo_seg,0.85107421875,181049,True,0.8851831555366516,810,1080,0.5625,85,600,800,614.2,0.0,120.5,8.0,0.9229514598846436,True,
21F5FF7A-A870-4EB3-AC5A-72632F9E7E57-231102165314,38.6,32.16,6.440000000000005,16.683937823834206,1.7953,,0.902,server_yolo_seg,0.7333984375,82543,True,0.5748481154441833,810,1080,0.5625,85,600,800,614.4,0.0,64.4,6.0,0.889866828918457,True,
222D57AE-4273-4A20-AA61-A48B718F2C47-231103171052,26.5,22.14,4.359999999999999,16.452830188679243,0.5166,,0.717,server_yolo_seg,0.86474609375,194011,True,0.906394362449646,810,1080,0.5625,85,600,800,613.9,0.0,72.5,7.0,0.8709900379180908,True,
223A87AF-E9E6-4C96-BAA3-37ACD42B606D-231106170745,43.5,37.7,5.799999999999997,13.333333333333327,1.8496,,0.889,server_yolo_seg,0.82373046875,101184,True,0.8107115626335144,810,1080,0.5625,85,600,800,616.5,0.0,73.2,5.0,0.8928523063659668,True,
22630EB6-3342-49ED-94E8-FE02C7D6AD3C-231030172656,59.599999999999994,40.01,19.589999999999996,32.86912751677852,1.5708,,0.878,server_yolo_seg,0.85546875,155815,True,0.8008468747138977,810,1080,0.5625,85,600,800,616.2,0.0,70.5,6.0,0.8812808990478516,True,
22909C39-9CA9-40C6-AD59-A87FD5F6085B-231103163814,67.30000000000001,50.7,16.60000000000001,24.66567607726598,1.0684,,0.815,server_yolo_seg,0.8662109375,255277,True,0.9106808304786682,810,1080,0.5625,85,600,800,615.8,0.0,84.5,11.0,0.8879339694976807,True,
23CF7F50-8967-4686-AFAB-0A98C2C39531-231103164336,59.8,53.91,5.890000000000001,9.849498327759198,1.0389,,0.802,server_yolo_seg,0.86279296875,255182,True,0.896328866481781,810,1080,0.5625,85,600,800,616.2,0.0,78.8,12.5,0.8870508670806885,True,
264929ED-95CE-47CA-AE96-CB547A31FE49-231103164120,81.2,55.82,25.380000000000003,31.256157635467986,1.3081,,0.75,server_yolo_seg,0.80712890625,254993,True,0.8768095970153809,810,1080,0.5625,85,600,800,614.1,0.0,78.5,14.0,0.9120333194732666,True,
270B2674-33A0-4EF1-9CA3-FDCCCA9E54BB-231030173120,22.0,36.05,14.049999999999997,63.86363636363635,0.3109,,0.709,server_yolo_seg,0.89501953125,279421,True,0.9272795915603638,810,1080,0.5625,85,600,800,615.4,0.0,76.5,16.0,0.9017002582550049,True,
27BF6D35-35BB-4E37-85EC-452708AEA3F5-231102165242,38.800000000000004,30.8,8.000000000000004,20.618556701030936,1.1196,,0.825,server_yolo_seg,0.802734375,138477,True,0.8694609999656677,810,1080,0.5625,85,600,800,613.6,0.0,67.0,6.0,0.8681473731994629,True,
27C7A88F-9606-4ECB-B1B0-2BBF1739CED9-231103171524,21.099999999999998,23.54,2.4400000000000013,11.563981042654035,0.6235,,0.837,server_yolo_seg,0.84765625,143860,True,0.8521319031715393,810,1080,0.5625,85,600,800,615.6,0.0,71.2,7.0,0.879875898361206,True,
289C1EE6-EF7D-4C8C-8524-C9502E1D9056-231106171336,40.6,36.55,4.050000000000004,9.975369458128089,1.8757,,0.868,server_yolo_seg,0.86767578125,84182,True,0.7946651577949524,810,1080,0.5625,85,600,800,619.3,1.0,74.7,7.0,0.9099647998809814,True,
2B599810-D1FF-4F41-A6B1-824CB28F9EA4-231106170159,41.3,57.84,16.540000000000006,40.04842615012109,0.5433,,0.834,server_yolo_seg,0.88037109375,287423,True,0.9127620458602905,810,1080,0.5625,85,600,800,615.8,0.0,80.0,12.0,0.9133102893829346,True,
2C33773D-7AC9-4A5D-A585-B294145B262D-231102154352,75.4,58.25,17.150000000000006,22.745358090185682,0.9013,,0.761,server_yolo_seg,0.87158203125,298187,True,0.8336069583892822,810,1080,0.5625,85,600,800,616.0,0.0,88.5,12.0,0.9035458564758301,True,
2C33C5EC-D302-4A3D-B67B-150794C94AC1-231102164940,37.5,31.31,6.190000000000001,16.506666666666668,1.0294,,0.837,server_yolo_seg,0.83056640625,149431,True,0.8597432374954224,810,1080,0.5625,85,600,800,615.1,0.0,74.7,8.2,0.8831074237823486,True,
2C81D95D-ABB6-48DA-BAC1-31DB29DD4843-231030173819,25.1,26.23,1.129999999999999,4.501992031872506,0.3994,,0.716,server_yolo_seg,0.892578125,240863,True,0.9067409634590149,810,1080,0.5625,85,600,800,616.2,0.0,76.8,11.0,0.911329984664917,True,
2D1AA765-BD28-41EE-8703-5B09A920BA6D-231102162706,30.5,30.39,0.10999999999999943,0.36065573770491616,0.6986,,0.839,server_yolo_seg,0.83251953125,184097,True,0.8808001279830933,810,1080,0.5625,85,600,800,614.8,0.0,120.7,7.0,0.9311008453369141,True,
2DC419CE-2AD4-4AEE-B4A7-F1510685EE52-231102154157,70.0,48.42,21.58,30.82857142857143,2.0593,,0.901,server_yolo_seg,0.8212890625,102254,True,0.7914309501647949,810,1080,0.5625,85,600,800,614.8,0.0,74.7,7.0,0.9048557281494141,True,
2E744A4D-24FA-4FFF-A95B-205B825621C0-231030170334,36.1,36.45,0.3500000000000014,0.9695290858725801,0.6913,,0.822,server_yolo_seg,0.85888671875,246249,True,0.8917826414108276,810,1080,0.5625,85,600,800,616.8,0.0,82.0,13.5,0.8997244834899902,True,
2F15E2C3-7FDA-4BC1-874A-3BC06BE5ADCF-231102163429,34.4,35.98,1.5799999999999983,4.593023255813948,0.557,,0.83,server_yolo_seg,0.86572265625,244249,True,0.9000067114830017,810,1080,0.5625,85,600,800,616.2,0.0,75.5,11.0,0.8951303958892822,True,
2F362B17-F02A-4C6C-8B89-02D0DB711B60-231103162740,62.3,59.01,3.289999999999999,5.2808988764044935,2.8836,,0.825,server_yolo_seg,0.334228515625,94773,True,0.5402078628540039,810,1080,0.5625,85,600,800,617.6,0.0,94.7,7.3,0.9165501594543457,True,
2F5C8FC5-32B1-4EA1-81FE-0820684A47A4-231030170401,38.2,32.4,5.800000000000004,15.18324607329844,0.8669,,0.811,server_yolo_seg,0.8583984375,209312,True,0.8911046385765076,810,1080,0.5625,85,600,800,615.5,0.0,83.5,14.0,0.9011540412902832,True,
307FB818-91FC-40E0-AB9B-447038235F32-231102163731,33.4,40.32,6.920000000000002,20.718562874251504,0.5807,,0.831,server_yolo_seg,0.8720703125,224103,True,0.9212788939476013,810,1080,0.5625,85,600,800,616.9,0.0,74.8,12.0,0.8803730010986328,True,
33316941-C407-4C3F-B7A4-5774F212B58D-231030171003,36.9,27.64,9.259999999999998,25.094850948509478,1.5435,,0.852,server_yolo_seg,0.78271484375,125020,True,0.6529046297073364,810,1080,0.5625,85,600,800,614.8,0.0,79.7,8.0,0.9306857585906982,True,
342D3151-D21E-46E9-8F7E-94E3D8C27D52-231103163600,56.699999999999996,45.91,10.79,19.029982363315696,1.6244,,0.887,server_yolo_seg,0.84912109375,148332,True,0.7777329087257385,810,1080,0.5625,85,600,800,617.3,0.0,81.6,9.0,0.9085428714752197,True,
34E69A46-B00C-4712-8A8C-6A4EE598918C-231103170807,25.5,36.71,11.21,43.96078431372549,0.3462,,0.719,server_yolo_seg,0.89208984375,279835,True,0.9253563284873962,810,1080,0.5625,85,600,800,616.1,0.0,79.5,13.0,0.8862693309783936,True,
34EA874A-034C-49C2-8DCA-359061158BC5-231102160012,82.6,57.96,24.639999999999993,29.830508474576266,2.6235,,0.825,server_yolo_seg,0.7919921875,142382,True,0.8106454014778137,810,1080,0.5625,85,600,800,617.1,0.0,77.9,7.0,0.8866183757781982,True,
360413C3-FF72-498D-AD4A-4EDA6B29E766-231106170229,41.0,44.0,3.0,7.317073170731707,0.8484,,0.839,server_yolo_seg,0.84228515625,190013,True,0.889319658279419,810,1080,0.5625,85,600,800,616.5,0.0,78.5,8.0,0.9015200138092041,True,
3606D4EA-EF4E-4510-88F1-AEF0E3A6B37D-231102162510,32.0,27.36,4.640000000000001,14.500000000000002,0.9236,,0.834,server_yolo_seg,0.83642578125,146752,True,0.8580546975135803,810,1080,0.5625,85,600,800,618.9,0.0,66.5,6.0,0.8889458179473877,True,
37176F52-54F9-46A2-B499-AAD32A47CD40-231102164907,37.2,35.44,1.7600000000000051,4.731182795698938,0.7664,,0.834,server_yolo_seg,0.8759765625,193743,True,0.8973169922828674,810,1080,0.5625,85,600,800,614.7,0.0,79.6,6.0,0.8981220722198486,True,
3A0B7EBC-E400-4360-BDF3-BBC5BE236852-231102162415,32.1,31.2,0.9000000000000021,2.803738317757016,0.6702,,0.839,server_yolo_seg,0.875,195412,True,0.8810074329376221,810,1080,0.5625,85,600,800,617.8,0.0,74.5,6.0,0.9065272808074951,True,
3A4D32D4-CEEC-4FF1-B6F4-A1D71430C2C7-231106171653,50.9,45.89,5.009999999999998,9.842829076620822,0.792,,0.844,server_yolo_seg,0.89208984375,237028,True,0.9040080308914185,810,1080,0.5625,85,600,800,616.1,0.0,79.8,12.0,0.8964443206787109,True,
3B2D5DDF-5CFC-4DE0-AF6F-ADDA9F2FDA2B-231103164100,77.4,66.09,11.310000000000002,14.612403100775195,1.0484,,0.75,server_yolo_seg,0.8193359375,302495,True,0.8976554870605469,810,1080,0.5625,85,600,800,617.1,0.0,136.1,15.0,0.9812235832214355,True,
3BDA4617-5261-42C5-8CE7-547B9EC854B3-231106164329,22.6,33.94,11.339999999999996,50.17699115044246,0.306,,0.711,server_yolo_seg,0.88525390625,278392,True,0.8947206735610962,810,1080,0.5625,85,600,800,618.8,0.0,84.5,13.0,0.8997976779937744,True,
3BDE6645-7C47-46D3-89FA-C33180F1A780-231030172432,58.599999999999994,38.84,19.75999999999999,33.72013651877132,2.2705,,0.886,server_yolo_seg,0.7802734375,93730,True,0.7837036848068237,810,1080,0.5625,85,600,800,617.1,0.0,77.6,6.0,0.9036996364593506,True,
3D25E0A6-E761-4976-89CB-111C3ADEBEDA-231106165059,18.099999999999998,20.31,2.210000000000001,12.209944751381222,0.4884,,0.84,server_yolo_seg,0.84228515625,138451,True,0.8465701341629028,810,1080,0.5625,85,600,800,617.2,0.0,80.7,6.5,0.8925845623016357,True,
3D4DAAD6-8F09-41C9-8AA6-94E211E0DEE1-231106171620,49.9,54.69,4.789999999999999,9.599198396793586,0.6234,,0.84,server_yolo_seg,0.87841796875,295430,True,0.9075982570648193,810,1080,0.5625,85,600,800,617.1,0.0,96.1,16.0,0.9421794414520264,True,
3D881E30-569B-4DB6-9DE8-AE1897948D5C-231103165236,49.1,40.43,8.670000000000002,17.657841140529534,1.1026,,0.837,server_yolo_seg,0.853515625,195318,True,0.9208367466926575,810,1080,0.5625,85,600,800,616.5,0.0,73.3,7.0,0.9059295654296875,True,
416FAAE2-9A84-4CF3-8CAE-1FEBB07A8D3C-231030171716,51.800000000000004,51.97,0.1699999999999946,0.32818532818531776,0.6609,,0.835,server_yolo_seg,0.91357421875,292501,True,0.9338691234588623,810,1080,0.5625,85,600,800,618.9,0.0,93.5,14.0,0.9328193664550781,True,
41FD80F9-96DB-45A9-8858-888D740239CA-231030170019,33.1,29.76,3.34,10.090634441087612,0.6934,,0.812,server_yolo_seg,0.8720703125,195374,True,0.9014154076576233,810,1080,0.5625,85,600,800,615.6,0.0,96.8,9.0,0.9103915691375732,True,
421CC972-4608-4F6E-87C4-D780C3A91E8F-231103165201,49.7,46.73,2.970000000000006,5.97585513078472,0.8259,,0.834,server_yolo_seg,0.88427734375,238187,True,0.8997783660888672,810,1080,0.5625,85,600,800,616.1,0.0,103.7,14.0,0.9568862915039062,True,
42A3D088-F765-4123-87F2-436C3860E828-231106165119,20.9,20.13,0.7699999999999996,3.6842105263157876,0.8751,,0.837,server_yolo_seg,0.77001953125,99432,True,0.8168759942054749,810,1080,0.5625,85,600,800,617.9,0.0,80.5,7.0,0.9147965908050537,True,
45314FD5-9B4E-471E-81ED-54CF7759163C-231030173408,23.0,34.85,11.850000000000001,51.52173913043478,0.2953,,0.718,server_yolo_seg,0.87890625,277047,True,0.9009267091751099,810,1080,0.5625,85,600,800,618.2,0.0,100.4,13.6,0.928685188293457,True,
458BB621-A357-418B-8234-3D688738719A-231102163700,32.800000000000004,45.63,12.829999999999998,39.11585365853657,0.4763,,0.835,server_yolo_seg,0.86767578125,282875,True,0.9079250693321228,810,1080,0.5625,85,600,800,618.1,0.0,91.3,16.0,0.9242279529571533,True,
45B3FBD3-3FA4-497D-8AED-BFF4328D7E60-231030171741,54.300000000000004,45.06,9.240000000000002,17.01657458563536,0.8555,,0.843,server_yolo_seg,0.88134765625,237138,True,0.8947967886924744,810,1080,0.5625,85,600,800,617.5,0.0,91.6,15.0,0.9275739192962646,True,
46083B75-7D29-4E29-BC49-77D221A29FED-231102164723,37.2,32.22,4.980000000000004,13.387096774193557,1.0272,,0.835,server_yolo_seg,0.8193359375,156310,True,0.856733500957489,810,1080,0.5625,85,600,800,617.4,0.0,82.7,7.0,0.9196162223815918,True,
465E6BEE-5FEE-47F0-BDBE-D822D7460E7E-231103170908,23.5,20.23,3.2699999999999996,13.914893617021276,0.7223,,0.838,server_yolo_seg,0.8447265625,149498,True,0.8655889630317688,810,1080,0.5625,85,600,800,621.5,1.0,83.6,8.0,0.9136772155761719,True,
46AC6D49-51EF-4559-8E0A-2302BD2D0CE8-231103162719,64.7,48.83,15.870000000000005,24.52859350850078,1.8632,,0.879,server_yolo_seg,0.71142578125,150009,True,0.8134852051734924,810,1080,0.5625,85,600,800,616.3,0.0,83.5,13.0,0.9169478416442871,True,
482C2388-1E0F-4A86-A0AA-33308F1EAD70-231102164745,36.5,31.86,4.640000000000001,12.71232876712329,1.576,,0.904,server_yolo_seg,0.76416015625,119710,True,0.6997737884521484,810,1080,0.5625,85,600,800,618.0,0.0,127.9,6.0,0.9444971084594727,True,
48AF6327-3A23-4503-9845-E6A289FD7939-231030172728,62.6,40.24,22.36,35.71884984025559,2.5604,,0.893,server_yolo_seg,0.69091796875,80443,True,0.7104350924491882,810,1080,0.5625,85,600,800,617.7,0.0,74.7,7.0,0.9325766563415527,True,
48D3DE65-01C8-4665-9AA2-23E9864B3004-231030173944,28.4,15.97,12.429999999999998,43.767605633802816,1.0451,,0.821,server_yolo_seg,0.82373046875,110681,True,0.8427811861038208,810,1080,0.5625,85,600,800,617.6,0.0,73.5,5.0,0.9072165489196777,True,
49411707-F5A5-4ED2-A2C9-12106B0DCA28-231106170919,41.5,35.54,5.960000000000001,14.361445783132531,1.2266,,0.809,server_yolo_seg,0.853515625,159684,True,0.8468338847160339,810,1080,0.5625,85,600,800,621.2,0.0,74.7,7.0,0.8730792999267578,True,
4D3CDF9C-95DF-4250-9DB5-F3D232A5E0A2-231103164806,77.10000000000001,68.14,8.960000000000008,11.621271076524003,3.3368,,0.825,server_yolo_seg,0.6689453125,104893,True,0.6136108636856079,810,1080,0.5625,85,600,800,617.0,0.0,74.5,8.0,0.8881344795227051,True,
4E159F83-FCAB-4E51-B60B-98014714297F-231102164836,37.4,41.93,4.530000000000001,12.112299465240644,0.6059,,0.825,server_yolo_seg,0.86279296875,242666,True,0.9081944227218628,810,1080,0.5625,85,600,800,618.8,0.0,98.8,11.0,0.8926746845245361,True,
4E4A82DF-E705-4485-A22A-E5D2C2EC9B3B-231106170050,38.2,37.51,0.6900000000000048,1.8062827225131015,0.7597,,0.827,server_yolo_seg,0.88427734375,203548,True,0.8548107743263245,810,1080,0.5625,85,600,800,614.5,0.0,81.5,10.0,0.8956282138824463,True,
4EF049BB-7C91-43E8-8214-4AB3DE7007AA-231103163317,61.6,50.57,11.030000000000001,17.905844155844157,1.7444,,0.865,server_yolo_seg,0.77978515625,149875,True,0.7562782168388367,810,1080,0.5625,85,600,800,614.6,0.0,80.6,8.0,0.8939375877380371,True,
5012466E-3DA6-4C64-B510-1F36953BD169-231102163929,31.900000000000002,30.27,1.6300000000000026,5.109717868338565,1.4508,,0.908,server_yolo_seg,0.8134765625,104459,True,0.8270458579063416,810,1080,0.5625,85,600,800,616.7,0.0,73.5,6.0,0.8903703689575195,True,
50F69BAD-C8EB-4239-96F0-7DB8981C4196-231102164818,37.1,48.48,11.379999999999995,30.673854447439343,0.5086,,0.827,server_yolo_seg,0.88525390625,288095,True,0.9169386625289917,810,1080,0.5625,85,600,800,614.7,0.0,92.5,14.5,0.9184236526489258,True,
518325CA-C60D-4E5E-B34B-AA002D150C8B-231030172934,27.800000000000004,22.02,5.780000000000005,20.791366906474835,0.5385,,0.716,server_yolo_seg,0.86328125,196259,True,0.915697455406189,810,1080,0.5625,85,600,800,614.3,0.0,71.5,7.2,0.8777997493743896,True,
5260BE93-B4EC-44CD-B8F3-46DDE4EAFE9D-231030170227,40.0,43.65,3.6499999999999986,9.124999999999996,0.52,,0.827,server_yolo_seg,0.8720703125,296173,True,0.9152332544326782,810,1080,0.5625,85,600,800,616.1,0.0,90.9,13.0,0.9160723686218262,True,
52EE2FC5-8751-407B-9A24-EFA6A97C23A6-231106172041,48.4,44.92,3.479999999999997,7.190082644628093,1.0038,,0.837,server_yolo_seg,0.85107421875,192473,True,0.8989741802215576,810,1080,0.5625,85,600,800,617.1,0.0,80.5,8.0,0.9036133289337158,True,
5320BD2B-724F-4DF5-91F7-1D3CF5A58AF8-231103165437,51.800000000000004,48.3,3.500000000000007,6.7567567567567695,0.8807,,0.834,server_yolo_seg,0.873046875,235274,True,0.901131272315979,810,1080,0.5625,85,600,800,617.1,0.0,83.3,12.1,0.901026725769043,True,
569DD531-3529-46E7-AE47-0158A9731ACF-231106172055,47.0,38.71,8.29,17.638297872340424,1.4127,,0.901,server_yolo_seg,0.875,150583,True,0.8554171323776245,810,1080,0.5625,85,600,800,616.9,0.0,75.0,6.0,0.8856453895568848,True,
56A004C8-44A4-46F2-A95A-42ACD03906D0-231106171044,41.0,39.75,1.25,3.048780487804878,0.8916,,0.83,server_yolo_seg,0.85205078125,194675,True,0.8588601350784302,810,1080,0.5625,85,600,800,616.5,0.0,84.4,10.0,0.8948724269866943,True,
56F08E1D-6C84-4076-A499-F3E953101D3E-231106170821,44.2,49.45,5.25,11.877828054298641,0.537,,0.841,server_yolo_seg,0.8974609375,300310,True,0.9129045605659485,810,1080,0.5625,85,600,800,615.0,0.0,128.2,12.0,0.931168794631958,True,
575C3ED6-E2F6-4BD1-B32E-612899D2BE32-231030173027,27.500000000000004,17.95,9.550000000000004,34.72727272727274,1.0443,,0.817,server_yolo_seg,0.81787109375,105708,True,0.7948927283287048,810,1080,0.5625,85,600,800,615.7,0.0,73.9,9.0,0.9159090518951416,True,
5769FA8F-7419-4BFC-B8DD-E2BF55371B09-231030173225,22.1,22.66,0.5599999999999987,2.5339366515837045,0.4556,,0.709,server_yolo_seg,0.888671875,198376,True,0.9107205271720886,810,1080,0.5625,85,600,800,613.7,0.0,80.5,9.0,0.8791446685791016,True,
577C938E-2B83-4EE3-A118-E2EFD2CA1940-231106165023,19.3,29.28,9.98,51.70984455958549,0.3122,,0.707,server_yolo_seg,0.90234375,230426,True,0.8896067142486572,810,1080,0.5625,85,600,800,614.7,0.0,71.0,11.5,0.8865463733673096,True,
58E9B45D-D50C-4ABF-9C64-9AD39DCDE752-231106170124,37.9,35.19,2.710000000000001,7.1503957783641185,1.6014,,0.866,server_yolo_seg,0.82763671875,107764,True,0.7989673614501953,810,1080,0.5625,85,600,800,615.9,0.0,75.6,7.0,0.9127829074859619,True,
594B8AEC-5E78-447A-9AF8-37FDDF4C8F49-231030172134,54.6,43.89,10.71,19.615384615384617,2.4788,,0.882,server_yolo_seg,0.74169921875,101319,True,0.7272530198097229,810,1080,0.5625,85,600,800,615.0,0.0,68.0,6.0,0.8815715312957764,True,
5C8673AD-1D78-498F-A58E-FEA71EBE02EC-231106170107,38.7,35.45,3.25,8.397932816537466,1.0297,,0.823,server_yolo_seg,0.888671875,162938,True,0.8482732772827148,810,1080,0.5625,85,600,800,615.7,0.0,81.5,8.0,0.8904216289520264,True,
5DD5509C-7205-4968-B159-D2C508940641-231102162822,32.5,47.55,15.049999999999997,46.3076923076923,0.4072,,0.828,server_yolo_seg,0.89599609375,298663,True,0.9035882949829102,810,1080,0.5625,85,600,800,615.8,0.0,84.5,12.0,0.8920197486877441,True,
5E96B7B9-81D0-4CCB-AF22-594BB8B84D89-231102163229,32.800000000000004,26.18,6.6200000000000045,20.182926829268304,1.4922,,0.906,server_yolo_seg,0.7841796875,100780,True,0.8442191481590271,810,1080,0.5625,85,600,800,616.3,0.0,73.8,8.0,0.9115598201751709,True,
6078C209-4408-4901-8FBC-717364287522-231102163908,34.300000000000004,30.98,3.320000000000004,9.6793002915452,0.916,,0.833,server_yolo_seg,0.82470703125,148370,True,0.8895604014396667,810,1080,0.5625,85,600,800,616.3,0.0,82.1,9.4,0.9135270118713379,True,
60B8A616-70B6-4ACA-93DD-7A59F666AF61-231103171207,25.2,34.43,9.23,36.62698412698413,0.3493,,0.715,server_yolo_seg,0.88671875,279927,True,0.9153715372085571,810,1080,0.5625,85,600,800,613.7,0.0,79.5,11.0,0.8805406093597412,True,
6161012B-7E6F-45B7-932C-F2C989B911B1-231103171434,19.8,36.92,17.12,86.46464646464646,0.2745,,0.71,server_yolo_seg,0.890625,283777,True,0.9271092414855957,810,1080,0.5625,85,600,800,614.9,0.0,87.4,13.0,0.924271821975708,True,
618EFD13-3EF2-4D15-BB14-FCD59E76CCA7-231102164704,38.4,35.01,3.3900000000000006,8.828125000000002,0.7941,,0.831,server_yolo_seg,0.84765625,192304,True,0.8942426443099976,810,1080,0.5625,85,600,800,616.0,0.0,81.5,9.0,0.8893797397613525,True,
626441D8-ABA0-45E1-9257-69E0C22F5B66-231030170943,38.2,27.15,11.050000000000004,28.926701570680635,1.0782,,0.792,server_yolo_seg,0.86572265625,165655,True,0.8730560541152954,810,1080,0.5625,85,600,800,617.6,0.0,79.1,8.0,0.8889899253845215,True,
63156D82-2FBE-4577-BE39-D791F9907F07-231030165803,38.7,50.46,11.759999999999998,30.3875968992248,0.4545,,0.819,server_yolo_seg,0.8857421875,295402,True,0.9179024696350098,810,1080,0.5625,85,600,800,615.8,0.0,80.3,13.0,0.8812754154205322,True,
63DCDE6F-0AF2-4404-BAD4-9553FC45B89E-231102154416,69.1,57.34,11.759999999999991,17.018813314037615,1.0967,,0.75,server_yolo_seg,0.83740234375,265184,True,0.8073920607566833,810,1080,0.5625,85,600,800,616.2,0.0,77.5,13.0,0.9107151031494141,True,
683D1648-3264-419A-A999-857714C3EC62-231103164925,57.9,53.18,4.719999999999999,8.151986183074264,0.924,,0.829,server_yolo_seg,0.89599609375,237427,True,0.9151883125305176,810,1080,0.5625,85,600,800,616.1,0.0,132.8,12.0,0.9532744884490967,True,
6927654D-E2E2-49E6-A85A-15BDAB4AA645-231030171112,41.8,50.79,8.990000000000002,21.50717703349283,0.5016,,0.807,server_yolo_seg,0.87158203125,296510,True,0.9119323492050171,810,1080,0.5625,85,600,800,615.4,0.0,78.0,16.0,0.8948276042938232,True,
69A5718F-400B-48E0-99D8-0E19B12491CB-231102155620,91.60000000000001,65.26,26.340000000000003,28.755458515283845,1.9123,,0.895,server_yolo_seg,0.8759765625,191071,True,0.854284942150116,810,1080,0.5625,85,600,800,614.0,0.0,78.6,8.0,0.8818652629852295,True,
6A0B5C6E-78FB-4B3A-8E9C-9BE877AEDA04-231030172559,56.2,44.74,11.46,20.391459074733095,0.8723,,0.828,server_yolo_seg,0.873046875,258899,True,0.9073426127433777,810,1080,0.5625,85,600,800,615.3,0.0,84.5,13.0,0.9198338985443115,True,
6A6C99D2-FF52-4669-9A2D-9A970CF3F2AC-231030170504,39.800000000000004,33.33,6.470000000000006,16.25628140703519,1.6014,,0.866,server_yolo_seg,0.7939453125,102945,True,0.6591885685920715,810,1080,0.5625,85,600,800,616.2,0.0,74.5,9.0,0.9330699443817139,True,
6A778C69-180A-43B3-9F5D-C1A651233C7E-231102165508,36.199999999999996,37.83,1.6300000000000026,4.502762430939234,0.7929,,0.83,server_yolo_seg,0.83251953125,191720,True,0.850118100643158,810,1080,0.5625,85,600,800,616.4,1.0,79.0,7.0,0.8900010585784912,True,
6AD40276-8FFE-454C-AA9F-145E40CCB16B-231102164401,33.5,28.06,5.440000000000001,16.238805970149258,0.9159,,0.832,server_yolo_seg,0.83544921875,153285,True,0.8579249978065491,810,1080,0.5625,85,600,800,615.7,0.0,76.9,7.7,0.9281468391418457,True,
6BFCEC46-7595-4009-A134-461D23B2918A-231103164318,63.1,58.15,4.950000000000003,7.844690966719497,0.8132,,0.799,server_yolo_seg,0.87353515625,301934,True,0.9093976020812988,810,1080,0.5625,85,600,800,614.5,0.0,89.5,16.0,0.9040720462799072,True,
6ECAE414-A27F-487A-A351-28F5EE060981-231030173858,25.2,19.57,5.629999999999999,22.34126984126984,0.5285,,0.714,server_yolo_seg,0.890625,197483,True,0.8956212997436523,810,1080,0.5625,85,600,800,619.2,0.0,79.5,7.0,0.8948049545288086,True,
7051BCCE-A9AB-4ECD-9F98-8DD1DCDE2138-231103164904,58.8,56.82,1.9799999999999969,3.367346938775505,0.7456,,0.837,server_yolo_seg,0.89501953125,284751,True,0.9220113754272461,810,1080,0.5625,85,600,800,616.5,0.0,88.1,13.1,0.9265825748443604,True,
707E3C6C-5CDD-42B6-B7A2-EB56F7B2DA3E-231106164748,21.8,33.26,11.459999999999997,52.56880733944953,0.2793,,0.707,server_yolo_seg,0.89599609375,288477,True,0.9457544088363647,810,1080,0.5625,85,600,800,616.1,0.0,87.6,15.0,0.9047749042510986,True,
70D014A8-4406-4B6F-A27D-EF5C18CC593B-231103162949,55.00000000000001,44.31,10.690000000000005,19.436363636363645,1.7055,,0.877,server_yolo_seg,0.82958984375,142696,True,0.8078020215034485,810,1080,0.5625,85,600,800,620.4,0.0,71.5,6.0,0.9087605476379395,True,
714B2F71-F34D-44FD-BDC6-F76C169C255F-231103171350,25.5,20.57,4.93,19.333333333333332,1.0534,,0.818,server_yolo_seg,0.80419921875,106323,True,0.82542484998703,810,1080,0.5625,85,600,800,619.7,0.0,69.8,6.0,0.887641429901123,True,
715B3992-B6E3-4A17-A0A0-BEE9EF9D3D9F-231103164139,79.9,53.64,26.260000000000005,32.86608260325407,1.6313,,0.825,server_yolo_seg,0.78369140625,228377,True,0.8705543279647827,810,1080,0.5625,85,600,800,617.3,0.0,83.0,11.5,0.917945146560669,True,
717B280F-EC1B-4D80-B9E5-EE41E354ABDC-231103171253,24.8,24.04,0.7600000000000016,3.0645161290322642,0.5178,,0.719,server_yolo_seg,0.8857421875,195285,True,0.9171010255813599,810,1080,0.5625,85,600,800,615.5,0.0,92.7,6.0,0.9128787517547607,True,
72BBC036-8FD4-4D7E-ADD9-64E6D0ECE258-231106164954,19.900000000000002,36.54,16.639999999999997,83.61809045226128,0.2693,,0.71,server_yolo_seg,0.90478515625,265824,True,0.8859579563140869,810,1080,0.5625,85,600,800,616.7,0.0,83.0,13.6,0.891362190246582,True,
73B3EE9A-0831-4DB7-91B1-BBB6DE792D14-231106171551,45.4,39.47,5.93,13.061674008810572,2.109,,0.886,server_yolo_seg,0.73583984375,86958,True,0.7402660250663757,810,1080,0.5625,85,600,800,617.0,0.0,116.4,6.0,0.937786340713501,True,
740B4BA1-C62D-4FAB-BCA0-E4A8A469FA60-231030173746,25.2,33.33,8.129999999999999,32.26190476190476,0.3357,,0.72,server_yolo_seg,0.87353515625,279518,True,0.9150918126106262,810,1080,0.5625,85,600,800,617.3,0.0,90.9,12.0,0.9070553779602051,True,
7421E007-5AA3-4EAF-9B4D-D044783A82F6-231102154528,74.6,52.74,21.859999999999992,29.302949061662193,1.4073,,0.825,server_yolo_seg,0.7890625,224045,True,0.7981528043746948,810,1080,0.5625,85,600,800,616.3,0.0,84.6,15.0,0.9000000953674316,True,
753E0A1A-4A1D-4820-851C-35883FF33BF6-231106170509,40.400000000000006,33.66,6.740000000000009,16.683168316831704,1.1731,,0.832,server_yolo_seg,0.857421875,151903,True,0.865264892578125,810,1080,0.5625,85,600,800,616.0,0.0,75.0,8.0,0.8991951942443848,True,
758D898A-EBDB-429A-9A15-C75A48756371-231030172910,23.799999999999997,29.41,5.610000000000003,23.571428571428587,0.4034,,0.719,server_yolo_seg,0.892578125,239470,True,0.9083196520805359,810,1080,0.5625,85,600,800,616.4,0.0,92.0,14.7,0.908400297164917,True,
7619A731-A386-49DC-8BFE-7381B0AE6316-231103162614,65.60000000000001,60.91,4.690000000000012,7.149390243902457,0.7955,,0.818,server_yolo_seg,0.85498046875,305947,True,0.9205893874168396,810,1080,0.5625,85,600,800,618.4,0.0,86.1,15.0,0.9260392189025879,True,
7682F115-6DEC-491A-89B2-76FF5B812EBB-231102160518,88.4,59.0,29.400000000000006,33.2579185520362,2.0433,,0.853,server_yolo_seg,0.8701171875,194371,True,0.860878050327301,810,1080,0.5625,85,600,800,617.9,0.0,75.5,11.0,0.8995358943939209,True,
7745C79C-6682-4351-A680-FBAF0648ED9A-231030172334,56.99999999999999,42.15,14.849999999999994,26.05263157894736,1.1381,,0.823,server_yolo_seg,0.89501953125,194368,True,0.8786841034889221,810,1080,0.5625,85,600,800,618.8,0.0,75.5,6.0,0.8786461353302002,True,
77696FDD-F29A-4888-9C95-60200A9DD93B-231103171034,24.0,27.69,3.6900000000000013,15.375000000000005,0.4119,,0.716,server_yolo_seg,0.8759765625,232286,True,0.8959777355194092,810,1080,0.5625,85,600,800,618.7,0.0,84.5,12.0,0.943378210067749,True,
777102A3-3E8D-440B-9B1F-33B4BE4BF3A6-231102163109,33.5,41.51,8.009999999999998,23.910447761194025,0.5578,,0.839,server_yolo_seg,0.88330078125,237984,True,0.9082210659980774,810,1080,0.5625,85,600,800,618.3,0.0,78.3,11.2,0.891294002532959,True,
7787FA84-9DC5-40A9-B977-6A7C96C3DFF9-231103164633,90.5,65.98,24.519999999999996,27.0939226519337,1.0594,,0.751,server_yolo_seg,0.86572265625,314837,True,0.9003584980964661,810,1080,0.5625,85,600,800,616.4,0.0,90.5,15.0,0.9318211078643799,True,
790843D3-325B-48DF-A954-30892F431A83-231106170426,40.2,39.34,0.8599999999999994,2.139303482587063,0.5926,,0.846,server_yolo_seg,0.8759765625,246842,True,0.9237919449806213,810,1080,0.5625,85,600,800,616.7,0.0,96.6,13.0,0.9102797508239746,True,
7934DAD5-B91E-4C24-AEC2-0A8C09326883-231102164139,34.2,28.5,5.700000000000003,16.666666666666675,1.5017,,0.834,server_yolo_seg,0.6337890625,114303,True,0.8097663521766663,810,1080,0.5625,85,600,800,617.7,0.0,73.6,8.0,0.8919582366943359,True,
7A0BBF09-29B2-46C9-8FDB-E8F5A089352F-231103171335,25.7,20.36,5.34,20.77821011673152,0.8057,,0.839,server_yolo_seg,0.81787109375,138445,True,0.8627429008483887,810,1080,0.5625,85,600,800,618.6,0.0,92.5,7.0,0.9482190608978271,True,
7A74BCAC-118C-4BE4-8310-6993E9FA5B1A-231103163508,55.2,51.24,3.960000000000001,7.1739130434782625,0.9045,,0.837,server_yolo_seg,0.86328125,243926,True,0.9080365896224976,810,1080,0.5625,85,600,800,624.0,0.0,90.5,10.0,0.912438154220581,True,
7B318D5F-C979-4503-AAD4-5568FF0C4518-231103171225,25.1,29.78,4.68,18.645418326693225,0.3749,,0.714,server_yolo_seg,0.888671875,250665,True,0.9118443727493286,810,1080,0.5625,85,600,800,625.7,0.0,82.5,11.0,0.9140298366546631,True,
7B48692C-771B-4B96-853A-6C5E53417200-231106165958,37.2,42.82,5.619999999999997,15.107526881720423,0.6143,,0.827,server_yolo_seg,0.86181640625,251572,True,0.9026281237602234,810,1080,0.5625,85,600,800,623.0,0.0,123.6,11.0,0.9193141460418701,True,
7C634F13-375A-49CF-B19D-E101F27AE33B-231030173546,20.9,23.29,2.3900000000000006,11.435406698564597,0.4448,,0.718,server_yolo_seg,0.85498046875,199024,True,0.9001045823097229,810,1080,0.5625,85,600,800,628.4,0.0,85.5,6.0,0.8820602893829346,True,
7DE3C6BE-8BD5-4C28-BD87-E4B072E84995-231103171510,20.8,24.56,3.759999999999998,18.076923076923066,0.4233,,0.839,server_yolo_seg,0.87353515625,194373,True,0.9029678106307983,810,1080,0.5625,85,600,800,626.5,1.0,79.6,7.0,0.8777499198913574,True,
80808C7E-124B-47AB-8C34-33FCAEC7A863-231106164618,17.9,26.36,8.46,47.26256983240225,0.3207,,0.714,server_yolo_seg,0.875,221355,True,0.9119370579719543,810,1080,0.5625,85,600,800,625.7,0.0,86.5,10.0,0.9153516292572021,True,
80B0CCC7-896C-4E6B-AD54-0816C11354E5-231106171152,43.9,49.48,5.579999999999998,12.710706150341682,0.5454,,0.841,server_yolo_seg,0.88720703125,287897,True,0.9103742241859436,810,1080,0.5625,85,600,800,624.4,0.0,87.0,14.5,0.8950426578521729,True,
8154463E-A87C-4754-AFDC-DB9E02A8CB25-231103171016,25.7,36.07,10.370000000000001,40.35019455252919,0.3193,,0.713,server_yolo_seg,0.89990234375,289885,True,0.9054408669471741,810,1080,0.5625,85,600,800,623.5,0.0,89.8,10.2,0.9095442295074463,True,
820F9EFD-2D1E-417E-97FB-1EC14D8C2669-231030172036,60.0,44.2,15.799999999999997,26.333333333333332,1.1581,,0.821,server_yolo_seg,0.87841796875,203735,True,0.8802592754364014,810,1080,0.5625,85,600,800,620.1,0.0,76.1,7.0,0.8668093681335449,True,
84068786-E459-4034-B52E-AA5C5C65EEBE-231103170835,25.2,29.5,4.300000000000001,17.063492063492067,0.4045,,0.721,server_yolo_seg,0.8662109375,240990,True,0.9027484059333801,810,1080,0.5625,85,600,800,621.4,0.0,104.8,14.0,0.9145703315734863,True,
872E734F-9D1C-48A4-8783-AC611BC8F146-231103164542,63.7,58.47,5.230000000000004,8.21036106750393,2.8227,,0.825,server_yolo_seg,0.76123046875,110147,True,0.6830719709396362,810,1080,0.5625,85,600,800,619.9,0.0,70.8,5.0,0.8622574806213379,True,
87688DB6-F5BB-4544-94B7-B1C7D833D729-231106165725,42.1,57.17,15.07,35.795724465558195,0.543,,0.829,server_yolo_seg,0.88671875,294781,True,0.9238771796226501,810,1080,0.5625,85,600,800,621.4,0.0,83.9,10.0,0.85919189453125,True,
88A1BCFC-355B-4C62-A4F1-B8B9EDBE742D-231103164658,82.69999999999999,63.11,19.58999999999999,23.68802902055622,1.2367,,0.775,server_yolo_seg,0.85595703125,273792,True,0.8885094523429871,810,1080,0.5625,85,600,800,621.8,0.0,94.6,11.0,0.9040980339050293,True,
89468993-3716-4226-9A62-DB593A63355F-231030170431,40.1,30.91,9.190000000000001,22.91770573566085,1.065,,0.824,server_yolo_seg,0.84765625,170215,True,0.8460450172424316,810,1080,0.5625,85,600,800,625.5,0.0,89.0,6.0,0.8853695392608643,True,
8A2F0B25-D4A8-45E9-9D0E-F94AB6E813C1-231106171911,44.9,38.95,5.949999999999996,13.251670378619146,1.2642,,0.761,server_yolo_seg,0.7919921875,167310,True,0.8258044123649597,810,1080,0.5625,85,600,800,621.6,0.0,82.0,11.0,0.8846688270568848,True,
8AE66BDC-B744-4F15-8C15-92F4B6DCF43C-231102164238,33.800000000000004,37.46,3.6599999999999966,10.828402366863894,0.4419,,0.717,server_yolo_seg,0.88330078125,279004,True,0.9024044275283813,810,1080,0.5625,85,600,800,624.0,0.0,84.1,10.0,0.9033267498016357,True,
8BEEB728-E48D-4976-8553-CD599DBCA49D-231103164204,79.4,65.83,13.570000000000007,17.090680100755677,2.2329,,0.825,server_yolo_seg,0.7529296875,160133,True,0.7963241338729858,810,1080,0.5625,85,600,800,624.0,0.0,85.1,7.0,0.8928883075714111,True,
8DABFA66-5457-453E-947E-82673191C95F-231106170839,43.6,45.7,2.1000000000000014,4.816513761467893,0.6893,,0.825,server_yolo_seg,0.8818359375,240360,True,0.90589839220047,810,1080,0.5625,85,600,800,626.5,0.0,87.0,10.0,0.874842643737793,True,
8DECFF29-0CD6-43BC-882E-FFD5B5613F6A-231103171454,19.8,29.95,10.149999999999999,51.262626262626256,0.3203,,0.715,server_yolo_seg,0.888671875,245082,True,0.9131366610527039,810,1080,0.5625,85,600,800,623.6,0.0,79.5,10.2,0.9063467979431152,True,
8F796EC6-B8EA-4BE4-AF16-230506CFB170-231106164430,24.6,19.96,4.640000000000001,18.86178861788618,0.661,,0.843,server_yolo_seg,0.84912109375,142137,True,0.8617948293685913,810,1080,0.5625,85,600,800,626.5,0.0,111.8,11.2,0.9494900703430176,True,
8FAF8F29-3879-453C-A4E9-8DC66A81B789-231102154616,71.0,55.65,15.350000000000001,21.619718309859156,1.9224,,0.846,server_yolo_seg,0.74853515625,152317,True,0.6449156999588013,810,1080,0.5625,85,600,800,620.7,0.0,122.5,7.0,0.9400889873504639,True,
90A2A83A-051C-4C54-8875-F3620A43639B-231102163131,33.5,35.55,2.049999999999997,6.119402985074618,0.7042,,0.832,server_yolo_seg,0.853515625,190640,True,0.8979552984237671,810,1080,0.5625,85,600,800,624.8,0.0,78.5,6.0,0.9330532550811768,True,
90DD16A7-A540-472D-BEC8-9747EC9A856E-231106164637,18.5,22.14,3.6400000000000006,19.67567567567568,0.389,,0.72,server_yolo_seg,0.84912109375,182440,True,0.8785515427589417,810,1080,0.5625,85,600,800,625.1,0.0,80.3,6.0,0.8721926212310791,True,
9199DADA-6BEF-4ECA-A9D0-C6DD9A27E95E-231030170559,36.1,41.71,5.609999999999999,15.540166204986146,0.5224,,0.806,server_yolo_seg,0.875,292566,True,0.9312996864318848,810,1080,0.5625,85,600,800,620.5,0.0,90.0,15.2,0.9284727573394775,True,
91A8BCF7-4E5D-4555-ACBC-A00E23E266C7-231102160425,95.3,64.42,30.879999999999995,32.40293809024134,1.1858,,0.81,server_yolo_seg,0.89453125,286761,True,0.8962352275848389,810,1080,0.5625,85,600,800,620.8,0.0,83.5,13.0,0.9096524715423584,True,
91AC3B4C-0B9D-4900-BED0-E99132411D98-231102154037,76.2,51.0,25.200000000000003,33.07086614173229,1.1737,,0.817,server_yolo_seg,0.86474609375,237925,True,0.7901606559753418,810,1080,0.5625,85,600,800,625.7,0.0,86.2,9.0,0.9093985557556152,True,
924444EE-22D5-4893-9B01-B8D673325B42-231103165656,49.9,43.11,6.789999999999999,13.607214428857715,1.089,,0.828,server_yolo_seg,0.8701171875,189744,True,0.8767480850219727,810,1080,0.5625,85,600,800,620.3,1.0,88.5,6.0,0.8838324546813965,True,
937288D6-7198-40DF-B055-D05549EC23C3-231106170535,39.2,32.69,6.510000000000005,16.607142857142872,1.8518,,0.895,server_yolo_seg,0.73681640625,99593,True,0.7306224703788757,810,1080,0.5625,85,600,800,623.5,0.0,75.5,7.0,0.8679203987121582,True,
93CC5813-E267-4247-9BB9-1AA8E1CC3B1C-231106171534,46.400000000000006,38.61,7.790000000000006,16.78879310344829,1.2899,,0.822,server_yolo_seg,0.849609375,148265,True,0.8074375987052917,810,1080,0.5625,85,600,800,622.1,0.0,80.5,6.0,0.8900816440582275,True,
9549A6EB-71EB-4329-8A21-81C23EAB2B7F-231030171144,40.1,36.87,3.230000000000004,8.054862842892778,0.6127,,0.788,server_yolo_seg,0.84423828125,263262,True,0.8837568163871765,810,1080,0.5625,85,600,800,624.9,0.0,120.5,19.0,0.9410147666931152,True,
963572CF-86E8-4BFA-A004-741FB9F4572C-231106164353,24.2,24.83,0.629999999999999,2.603305785123963,0.3612,,0.712,server_yolo_seg,0.89501953125,245023,True,0.8830474019050598,810,1080,0.5625,85,600,800,624.3,0.0,87.0,11.1,0.8961765766143799,True,
96A8BC2C-75B7-4930-9D87-64B3E66447D7-231102153530,73.8,58.11,15.689999999999998,21.260162601626014,3.2388,,0.898,server_yolo_seg,0.6845703125,47630,True,0.2953534722328186,810,1080,0.5625,85,600,800,623.5,0.0,63.5,4.0,0.8929588794708252,True,
97A0B7EF-89B0-4D67-9C85-4375B1185CD9-231102160610,91.4,57.83,33.57000000000001,36.72866520787747,2.6597,,0.842,server_yolo_seg,0.873046875,156850,True,0.8051987290382385,810,1080,0.5625,85,600,800,626.1,0.0,84.5,6.0,0.8942615985870361,True,
988C623B-EA27-400B-A6E4-C7B8BAAC3FA4-231102160153,87.6,61.86,25.739999999999995,29.383561643835616,1.5444,,0.757,server_yolo_seg,0.85205078125,255248,True,0.9008110761642456,810,1080,0.5625,85,600,800,621.5,0.0,85.5,14.0,0.8836822509765625,True,
9927C215-1247-4E2F-B0BE-080CB5EA20F9-231103165122,49.8,54.28,4.480000000000004,8.99598393574298,0.669,,0.842,server_yolo_seg,0.8720703125,280538,True,0.926983654499054,810,1080,0.5625,85,600,800,624.3,0.0,87.5,11.0,0.881274938583374,True,
99BD07E9-DA51-4FF5-B31B-59F06FE59E37-231103163350,59.9,58.64,1.259999999999998,2.1035058430717832,2.8,,0.825,server_yolo_seg,0.5830078125,90439,True,0.4972133934497833,810,1080,0.5625,85,600,800,623.7,0.0,106.8,13.0,0.9376482963562012,True,
9AED4A9C-FFE0-4269-8C7D-EA21435C7934-231030171806,57.49999999999999,44.65,12.849999999999994,22.347826086956516,1.1087,,0.832,server_yolo_seg,0.82177734375,198585,True,0.8576115369796753,810,1080,0.5625,85,600,800,625.0,0.0,102.6,11.0,0.9316697120666504,True,
9B49F6B7-3755-4FC8-8105-6E2338761606-231103162656,64.5,52.14,12.36,19.162790697674417,1.3146,,0.804,server_yolo_seg,0.81640625,198436,True,0.864859402179718,810,1080,0.5625,85,600,800,628.2,0.0,79.5,11.0,0.9075276851654053,True,
9BC88873-161F-483A-AA01-EE001071835B-231106171508,47.9,43.35,4.549999999999997,9.498956158663878,0.9426,,0.824,server_yolo_seg,0.86279296875,204266,True,0.8186193108558655,810,1080,0.5625,85,600,800,626.1,0.0,111.0,7.0,0.9266271591186523,True,
9C269082-947B-4594-B852-9DE07219A85A-231102163541,33.7,30.43,3.270000000000003,9.703264094955498,0.9552,,0.824,server_yolo_seg,0.83447265625,159358,True,0.8084324598312378,810,1080,0.5625,85,600,800,621.1,0.0,77.5,6.0,0.8799397945404053,True,
9C474F38-5BA7-4995-8CD7-01D759B82310-231106170705,42.5,38.38,4.119999999999997,9.694117647058818,0.8644,,0.832,server_yolo_seg,0.857421875,197420,True,0.8909538388252258,810,1080,0.5625,85,600,800,625.0,0.0,78.5,7.0,0.892864465713501,True,
9DA02E89-7CE1-44B9-A89C-6A229B06EADC-231106164901,21.3,21.32,0.019999999999999574,0.09389671361502147,0.5909,,0.842,server_yolo_seg,0.83984375,141295,True,0.8666276335716248,810,1080,0.5625,85,600,800,625.3,0.0,110.9,12.0,0.9355494976043701,True,
9E3F216A-6C10-4B74-B34D-C0B57024E498-231106171006,40.699999999999996,46.35,5.650000000000006,13.882063882063896,0.5181,,0.846,server_yolo_seg,0.890625,289940,True,0.9116894006729126,810,1080,0.5625,85,600,800,622.4,0.0,123.7,16.3,0.9336788654327393,True,
9F269D08-7EA3-455F-9629-85791CE024DE-231030172301,56.599999999999994,43.91,12.689999999999998,22.420494699646643,0.8839,,0.829,server_yolo_seg,0.8896484375,237950,True,0.9032802581787109,810,1080,0.5625,85,600,800,625.2,0.0,81.1,10.0,0.868828535079956,True,
9F73328D-D2F8-439B-B869-335182FAE993-231106171031,40.1,47.98,7.8799999999999955,19.6508728179551,0.6391,,0.837,server_yolo_seg,0.8818359375,247837,True,0.8972380757331848,810,1080,0.5625,85,600,800,624.1,0.0,91.3,10.0,0.9273288249969482,True,
9F99DFFF-5348-44AD-B46E-3C90954E07E4-231030172355,54.400000000000006,38.64,15.760000000000005,28.970588235294127,1.5119,,0.885,server_yolo_seg,0.84423828125,151334,True,0.8393549919128418,810,1080,0.5625,85,600,800,624.7,0.0,81.1,6.0,0.8851280212402344,True,
9FC806F2-DED3-47A3-AD54-318AC8699C18-231106170304,40.5,36.79,3.710000000000001,9.160493827160495,1.1427,,0.918,server_yolo_seg,0.86767578125,151021,True,0.8540282845497131,810,1080,0.5625,85,600,800,622.2,0.0,84.5,5.0,0.8733158111572266,True,
A04F3BBD-8E42-4C94-9B58-E33BBA1C9474-231106171825,44.9,51.54,6.640000000000001,14.788418708240537,0.555,,0.801,server_yolo_seg,0.8642578125,299440,True,0.8875773549079895,810,1080,0.5625,85,600,800,622.4,0.0,89.5,14.0,0.9179444313049316,True,
A1D28D2F-45E1-4927-9AF4-BE7B12D134FC-231102165403,35.6,51.89,16.29,45.758426966292134,0.4486,,0.827,server_yolo_seg,0.90380859375,298872,True,0.914415717124939,810,1080,0.5625,85,600,800,626.0,0.0,86.7,12.0,0.9232027530670166,True,
A2CC54D8-E3C3-4989-95CA-C22FCB0592CC-231030173317,31.4,18.37,13.029999999999998,41.4968152866242,1.0766,,0.828,server_yolo_seg,0.8115234375,104499,True,0.8309563398361206,810,1080,0.5625,85,600,800,627.1,0.0,68.5,5.0,0.9060037136077881,True,
A37D0CD9-51D7-401A-90A2-6286DC5FBA70-231106170213,40.6,51.3,10.699999999999996,26.354679802955655,0.6697,,0.842,server_yolo_seg,0.86474609375,234482,True,0.8979030251502991,810,1080,0.5625,85,600,800,622.7,0.0,122.5,13.0,0.9331510066986084,True,
A395089E-749C-4A8D-BD25-95B6F809736D-231102164345,32.9,30.44,2.4599999999999973,7.477203647416405,0.688,,0.837,server_yolo_seg,0.8447265625,194339,True,0.8912566304206848,810,1080,0.5625,85,600,800,623.3,0.0,119.9,9.0,0.976531982421875,True,
A3FEE96D-3D7A-40B6-9894-911E07238E07-231102163623,32.9,27.03,5.869999999999997,17.84194528875379,1.4414,,0.899,server_yolo_seg,0.7138671875,108580,True,0.6080009341239929,810,1080,0.5625,85,600,800,626.5,0.0,81.0,5.5,0.86773681640625,True,
A47B844D-82FE-4AE4-A208-95A408C0F959-231103163633,56.699999999999996,46.5,10.199999999999996,17.989417989417984,2.5285,,0.842,server_yolo_seg,0.74755859375,75988,True,0.6407882571220398,810,1080,0.5625,85,600,800,623.6,0.0,118.8,5.0,0.9589343070983887,True,
A4D2962A-37F7-41AC-B788-40C4BAB4AE12-231103165340,49.9,40.55,9.350000000000001,18.737474949899802,2.3754,,0.857,server_yolo_seg,0.77392578125,91035,True,0.7954010963439941,810,1080,0.5625,85,600,800,623.4,0.0,105.9,7.0,0.9604966640472412,True,
A54394DF-9983-4767-963A-4D13C719DBA9-231102163450,33.5,32.67,0.8299999999999983,2.477611940298502,0.7126,,0.837,server_yolo_seg,0.8447265625,195688,True,0.8870521187782288,810,1080,0.5625,85,600,800,623.5,0.0,174.8,9.0,0.9903380870819092,True,
A5EE4960-F0A6-4443-A934-A252072D5161-231103171602,20.5,20.93,0.4299999999999997,2.097560975609755,0.9054,,0.833,server_yolo_seg,0.8037109375,104577,True,0.806185781955719,810,1080,0.5625,85,600,800,623.3,1.0,81.0,5.0,0.8756122589111328,True,
A6AE87BE-1D11-47AC-906B-D390F6872E76-231030172628,58.9,41.62,17.28,29.33786078098472,1.2052,,0.815,server_yolo_seg,0.86865234375,197913,True,0.8529244065284729,810,1080,0.5625,85,600,800,623.0,0.0,110.5,16.5,0.9950578212738037,True,
A8BD82FC-F918-43FC-B9C0-29DC56A474BF-231030170133,39.1,28.23,10.870000000000001,27.80051150895141,1.3736,,0.909,server_yolo_seg,0.79150390625,110221,True,0.7717015147209167,810,1080,0.5625,85,600,800,625.7,0.0,95.3,7.0,0.9357204437255859,True,
AA42D85F-C06D-4235-BC8C-79726D85B7DE-231106172016,45.300000000000004,47.59,2.289999999999999,5.055187637969093,0.7341,,0.844,server_yolo_seg,0.8720703125,238306,True,0.905968189239502,810,1080,0.5625,85,600,800,626.7,0.0,119.0,15.0,0.9728033542633057,True,
AB330FC1-5B24-42ED-B36D-8B2F2D217723-231102164321,33.4,33.21,0.18999999999999773,0.568862275449095,0.5205,,0.844,server_yolo_seg,0.88037109375,244150,True,0.9014682769775391,810,1080,0.5625,85,600,800,625.3,0.0,85.1,12.0,0.9046592712402344,True,
AB76D24A-91F7-46F0-BC4A-3851A28F86D4-231106170632,43.0,49.4,6.399999999999999,14.883720930232554,0.5403,,0.835,server_yolo_seg,0.875,290071,True,0.901276171207428,810,1080,0.5625,85,600,800,627.0,0.0,91.2,11.6,0.8883836269378662,True,
ABC6C468-C92F-4638-98BB-00D7CEA80DBA-231102165004,35.699999999999996,30.7,4.9999999999999964,14.00560224089635,1.5674,,0.903,server_yolo_seg,0.73193359375,99075,True,0.6801828742027283,810,1080,0.5625,85,600,800,621.0,0.0,104.0,10.0,0.9347784519195557,True,
ABE153F9-0AA6-4C7A-B559-E64FC7E8C70B-231103170852,22.7,24.14,1.4400000000000013,6.343612334801768,0.5187,,0.72,server_yolo_seg,0.86328125,199697,True,0.8938522934913635,810,1080,0.5625,85,600,800,626.0,0.0,126.5,7.0,0.9404592514038086,True,
AE4B690B-65C3-4250-A4AF-B418B80FBA2F-231102164109,34.300000000000004,28.38,5.920000000000005,17.259475218658903,0.9579,,0.829,server_yolo_seg,0.8017578125,151685,True,0.793330729007721,810,1080,0.5625,85,600,800,628.0,1.0,118.1,12.0,0.9680559635162354,True,
AE59D29F-4B1A-4FF8-B3E3-0002D17C1C2E-231030172526,54.2,51.81,2.3900000000000006,4.40959409594096,0.7121,,0.837,server_yolo_seg,0.8857421875,294031,True,0.9098210334777832,810,1080,0.5625,85,600,800,626.2,0.0,122.9,14.2,0.9747040271759033,True,
AE9220EF-4390-49EB-8D91-6F0B0B3AE800-231030172010,61.5,47.33,14.170000000000002,23.040650406504067,0.7567,,0.835,server_yolo_seg,0.8828125,286417,True,0.8989310264587402,810,1080,0.5625,85,600,800,621.5,0.0,97.5,13.0,0.9020326137542725,True,
AE9B0A98-4209-41F9-97B1-A36264E358B3-231102163045,33.5,44.41,10.909999999999997,32.567164179104466,0.446,,0.847,server_yolo_seg,0.89599609375,282309,True,0.9279327392578125,810,1080,0.5625,85,600,800,622.1,0.0,83.5,12.0,0.893439531326294,True,
AEFB3F02-3AF8-473E-BA1A-3B1546CFD184-231103165315,50.3,40.62,9.68,19.244532803180913,1.517,,0.897,server_yolo_seg,0.83984375,152751,True,0.8556468486785889,810,1080,0.5625,85,600,800,625.1,0.0,100.5,7.0,0.9330053329467773,True,
B0282EE6-EEE1-4D55-A978-C0512F482178-231102155524,95.0,69.72,25.28,26.610526315789475,1.4926,,0.905,server_yolo_seg,0.88427734375,227167,True,0.8790892362594604,810,1080,0.5625,85,600,800,624.1,0.0,130.0,15.5,0.971672773361206,True,
B03D5E8F-EA13-43E7-BC91-B5CFAFE8258E-231106171220,42.6,42.61,0.00999999999999801,0.023474178403751197,0.6669,,0.833,server_yolo_seg,0.9150390625,240071,True,0.9073265790939331,810,1080,0.5625,85,600,800,627.2,0.0,121.0,13.0,0.9388558864593506,True,
B22F95C7-DDFB-4E31-B097-EFD8619CFF8A-231030170811,40.699999999999996,33.79,6.909999999999997,16.97788697788697,0.7644,,0.787,server_yolo_seg,0.8662109375,225824,True,0.9125235080718994,810,1080,0.5625,85,600,800,627.4,0.0,87.5,14.0,0.9016342163085938,True,
B2A752BD-B238-4A48-AEF2-3EBA9AFA4700-231106171928,47.4,37.53,9.869999999999997,20.822784810126578,2.0809,,0.832,server_yolo_seg,0.69189453125,94233,True,0.7061165571212769,810,1080,0.5625,85,600,800,624.6,0.0,119.5,9.0,0.932497501373291,True,
B308909B-29E2-4CC1-9A39-C14781749F64-231103164232,80.10000000000001,70.51,9.590000000000003,11.972534332084898,3.3975,,0.825,server_yolo_seg,0.67236328125,101781,True,0.6356934309005737,810,1080,0.5625,85,600,800,625.1,0.0,116.6,10.0,0.980522871017456,True,
B3703531-04E0-4977-ACE5-0EFEF1F11683-231103163729,68.2,55.1,13.100000000000001,19.208211143695017,0.8784,,0.815,server_yolo_seg,0.88134765625,303190,True,0.9215734004974365,810,1080,0.5625,85,600,800,626.7,0.0,128.3,18.2,0.9704065322875977,True,
B4B9494E-2B44-40AA-B4C4-D38A5FB6ACA0-231102163406,34.0,41.49,7.490000000000002,22.029411764705888,0.4402,,0.706,server_yolo_seg,0.89111328125,290974,True,0.9052730202674866,810,1080,0.5625,85,600,800,622.9,0.0,132.8,18.0,0.947303056716919,True,
B55BC9E2-7C42-4B76-93C3-B2DE195E2B85-231103165619,49.5,53.29,3.789999999999999,7.656565656565655,0.6528,,0.844,server_yolo_seg,0.890625,284822,True,0.9160045385360718,810,1080,0.5625,85,600,800,625.5,0.0,84.0,12.0,0.8782434463500977,True,
B6CBCB90-9CB1-49C6-9188-F17528C4DD4D-231106171733,48.9,42.44,6.460000000000001,13.210633946830269,1.3578,,0.903,server_yolo_seg,0.8662109375,155244,True,0.8507790565490723,810,1080,0.5625,85,600,800,623.4,0.0,86.5,7.0,0.8909444808959961,True,
B8924E4A-1AAA-41C1-8134-54890307785B-231102165158,39.900000000000006,38.72,1.1800000000000068,2.9573934837092897,0.6393,,0.814,server_yolo_seg,0.8447265625,230226,True,0.8980098962783813,810,1080,0.5625,85,600,800,626.6,0.0,109.7,15.0,0.958380937576294,True,
B8E056A1-246F-442D-959D-09E904E92882-231103162639,65.2,55.8,9.400000000000006,14.417177914110438,0.9464,,0.808,server_yolo_seg,0.84912109375,262211,True,0.9075800776481628,810,1080,0.5625,85,600,800,624.0,0.0,125.8,18.0,0.9504024982452393,True,
B96FE045-CC1D-4763-A4E3-2544211C0A02-231103162829,57.199999999999996,57.58,0.38000000000000256,0.6643356643356688,0.7669,,0.84,server_yolo_seg,0.8828125,285852,True,0.9239856004714966,810,1080,0.5625,85,600,800,623.7,0.0,89.5,12.0,0.8850281238555908,True,
B9AB2850-0CE2-4549-8C93-7E27AA4FDEC8-231106171843,46.6,44.61,1.990000000000002,4.270386266094425,0.6862,,0.817,server_yolo_seg,0.84619140625,250778,True,0.8931381106376648,810,1080,0.5625,85,600,800,625.1,0.0,89.8,14.0,0.8974919319152832,True,
BA841055-0FE8-455B-8DC0-993FF07CBDD8-231102164043,34.8,40.96,6.160000000000004,17.70114942528737,0.5748,,0.821,server_yolo_seg,0.84423828125,239062,True,0.8709145188331604,810,1080,0.5625,85,600,800,624.0,0.0,94.5,15.0,0.9092855453491211,True,
BAD3334B-BE8F-4B0E-A2F5-37284030DF3C-231030172845,25.3,35.71,10.41,41.14624505928854,0.3205,,0.72,server_yolo_seg,0.89892578125,287153,True,0.9066271185874939,810,1080,0.5625,85,600,800,621.8,0.0,90.8,11.0,0.900745153427124,True,
BBB1AD61-4692-455D-B6D8-2E88E95D0E8A-231106165755,42.0,44.49,2.490000000000002,5.928571428571433,0.6552,,0.823,server_yolo_seg,0.88134765625,242219,True,0.9124630689620972,810,1080,0.5625,85,600,800,626.4,0.0,104.7,12.0,0.9386568069458008,True,
BBE9EC4A-06E5-43FE-AB61-21B826ED8B07-231106170649,42.3,41.31,0.9899999999999949,2.3404255319148817,0.688,,0.829,server_yolo_seg,0.8798828125,230807,True,0.897127628326416,810,1080,0.5625,85,600,800,625.3,0.0,84.2,10.0,0.890031099319458,True,
BC1E91AE-30BB-479A-995E-596F962FB79C-231106171057,40.6,38.04,2.5600000000000023,6.305418719211827,1.131,,0.828,server_yolo_seg,0.8642578125,159162,True,0.8376817107200623,810,1080,0.5625,85,600,800,626.8,0.0,84.3,6.0,0.9015586376190186,True,
BCCEE27A-5A10-405B-8FB8-41F539367835-231106164555,18.3,35.15,16.849999999999998,92.07650273224041,0.2429,,0.702,server_yolo_seg,0.90380859375,267204,True,0.9107294082641602,810,1080,0.5625,85,600,800,622.3,0.0,87.5,12.0,0.8979847431182861,True,
BCE427EC-B380-4122-8D67-C7AC981F9E54-231030171317,40.300000000000004,28.67,11.630000000000003,28.858560794044667,1.5322,,0.839,server_yolo_seg,0.70703125,120081,True,0.7563115954399109,810,1080,0.5625,85,600,800,623.1,0.0,110.5,9.0,0.9396607875823975,True,
BD1B6B2B-3AD2-41C6-8F0B-BE18454D5C15-231102164625,37.8,50.68,12.880000000000003,34.07407407407408,0.5154,,0.819,server_yolo_seg,0.88037109375,285526,True,0.915981113910675,810,1080,0.5625,85,600,800,628.6,0.0,154.7,14.0,0.9792487621307373,True,
BE418F5D-3F5E-4463-BCC1-BAFB35693D05-231030173244,21.8,19.01,2.789999999999999,12.798165137614676,0.6781,,0.712,server_yolo_seg,0.8115234375,147296,True,0.8771990537643433,810,1080,0.5625,85,600,800,625.4,0.0,81.2,6.0,0.8887362480163574,True,
BE8831E2-41FE-4F22-B949-5B24FE6C66AF-231103163918,67.5,55.13,12.369999999999997,18.325925925925922,1.8738,,0.825,server_yolo_seg,0.8232421875,173473,True,0.8498626351356506,810,1080,0.5625,85,600,800,627.1,0.0,139.5,10.0,0.9726245403289795,True,
BFBFF155-0E66-4822-A812-A49169E04C72-231106164843,21.8,22.55,0.75,3.4403669724770642,0.5101,,0.843,server_yolo_seg,0.85498046875,186380,True,0.878989040851593,810,1080,0.5625,85,600,800,623.8,0.0,89.9,7.0,0.8817451000213623,True,
C05F1515-C6C4-47C7-B490-C6EA2B04B115-231106171115,41.099999999999994,36.07,5.029999999999994,12.238442822384416,1.9347,,0.879,server_yolo_seg,0.802734375,90711,True,0.7590896487236023,810,1080,0.5625,85,600,800,623.2,0.0,77.5,7.5,0.8862588405609131,True,
C6DAB866-BAF0-42AB-B479-3746DC332626-231102154231,73.1,47.98,25.119999999999997,34.36388508891929,3.0219,,0.905,server_yolo_seg,0.56591796875,50526,True,0.7414851784706116,810,1080,0.5625,85,600,800,629.4,0.0,71.6,4.0,0.9000592231750488,True,
C715A7DF-2947-452F-BC5C-19BE0275CEC8-231103162909,56.3,52.7,3.5999999999999943,6.394316163410292,0.9201,,0.832,server_yolo_seg,0.8984375,244901,True,0.9219470024108887,810,1080,0.5625,85,600,800,626.6,0.0,128.2,15.5,0.9531538486480713,True,
C9CD4CE3-BDAF-445E-A118-CA4EDA34D04E-231103165528,53.300000000000004,38.77,14.530000000000001,27.26078799249531,1.5856,,0.853,server_yolo_seg,0.8447265625,156699,True,0.8214127421379089,810,1080,0.5625,85,600,800,632.9,0.0,75.0,6.5,0.8790922164916992,True,
CC1099DD-ABB5-4462-9F7C-060511CDAE49-231030171828,51.300000000000004,41.25,10.050000000000004,19.590643274853807,1.2871,,0.819,server_yolo_seg,0.82568359375,158679,True,0.8037445545196533,810,1080,0.5625,85,600,800,619.2,0.0,75.5,6.0,0.8995916843414307,True,
CEE45A1E-AD17-405B-B67D-D0BC5A9152D5-231030173921,28.599999999999998,18.66,9.939999999999998,34.75524475524475,0.6867,,0.706,server_yolo_seg,0.853515625,155497,True,0.8661917448043823,810,1080,0.5625,85,600,800,622.8,0.0,109.7,7.0,0.9218437671661377,True,
D00D78FA-8827-4F48-B335-99F4C84D9AF2-231102155457,92.4,82.13,10.27000000000001,11.114718614718624,1.152,,0.831,server_yolo_seg,0.89501953125,284452,True,0.8906666040420532,810,1080,0.5625,85,600,800,625.8,0.0,80.9,9.0,0.8784258365631104,True,
D3003218-6FEB-498C-8A63-10DA975894E0-231103164713,78.0,64.14,13.86,17.769230769230766,1.6937,,0.83,server_yolo_seg,0.82666015625,217478,True,0.8855029940605164,810,1080,0.5625,85,600,800,625.3,0.0,121.3,15.9,0.961118221282959,True,
D3D81770-69D8-463D-82F9-3A9C89F2D543-231103171112,24.7,19.53,5.169999999999998,20.93117408906882,0.7177,,0.715,server_yolo_seg,0.8271484375,149391,True,0.8816373348236084,810,1080,0.5625,85,600,800,622.1,0.0,101.0,10.0,0.9146358966827393,True,
D4611D1D-308C-4FC6-9D1F-B1D14B37C89E-231106164822,21.099999999999998,29.21,8.110000000000003,38.43601895734599,0.3297,,0.716,server_yolo_seg,0.87890625,241995,True,0.9059041142463684,810,1080,0.5625,85,600,800,621.3,0.0,84.7,12.0,0.8725810050964355,True,
D5ABBCA9-9A15-4798-8A35-ED70BF5EE620-231102162530,32.7,26.36,6.340000000000003,19.388379204892974,1.3679,,0.912,server_yolo_seg,0.8291015625,104311,True,0.8320766687393188,810,1080,0.5625,85,600,800,624.2,0.0,74.5,5.0,0.8844044208526611,True,
D5C5F6C3-A5E3-442C-99ED-EC7068E04F6A-231030165941,34.4,36.54,2.1400000000000006,6.220930232558142,0.5792,,0.814,server_yolo_seg,0.86181640625,249267,True,0.8991265892982483,810,1080,0.5625,85,600,800,622.0,0.0,79.8,15.0,0.9024348258972168,True,
D83E00A0-4C52-44D6-9396-69515DE8C045-231103165036,54.1,38.92,15.18,28.059149722735672,2.383,,0.825,server_yolo_seg,0.787109375,106864,True,0.7723584771156311,810,1080,0.5625,85,600,800,622.2,0.0,69.4,5.0,0.8992176055908203,True,
D861C9AC-0E2C-4915-872D-735684D08D47-231102154655,73.3,53.91,19.39,26.45293315143247,3.1387,,0.899,server_yolo_seg,0.4580078125,47891,True,0.5921754240989685,810,1080,0.5625,85,600,800,620.9,0.0,108.6,4.0,0.9286880493164062,True,
D88A230A-9299-45AA-92AE-96546A249C53-231102155937,91.0,56.56,34.44,37.84615384615385,1.8587,,0.839,server_yolo_seg,0.8330078125,205212,True,0.8593289256095886,810,1080,0.5625,85,600,800,624.2,0.0,82.9,12.0,0.886573076248169,True,
DA0D64A8-37DC-4653-9B13-193F69F5F9E9-231102165428,34.599999999999994,43.04,8.440000000000005,24.393063583815046,0.573,,0.827,server_yolo_seg,0.88330078125,247521,True,0.9070534110069275,810,1080,0.5625,85,600,800,621.9,0.0,84.7,13.0,0.8743007183074951,True,
DD04FB40-41C6-4CF4-B56A-B14E7762674F-231103163157,61.9,55.01,6.890000000000001,11.130856219709209,0.9879,,0.824,server_yolo_seg,0.89111328125,246596,True,0.9039363265037537,810,1080,0.5625,85,600,800,623.0,0.0,85.4,8.0,0.8719682693481445,True,
DD12C7BC-E461-44A6-9308-A1C8B7314B91-231102162448,31.7,33.39,1.6900000000000013,5.331230283911676,0.5142,,0.843,server_yolo_seg,0.86865234375,244275,True,0.9177138805389404,810,1080,0.5625,85,600,800,619.6,0.0,88.5,13.0,0.864943265914917,True,
DE08DAD8-F9F8-46B2-BB19-83EEC3CA1C70-231102163003,31.3,27.22,4.080000000000002,13.035143769968057,1.471,,0.909,server_yolo_seg,0.7783203125,86378,True,0.7896693348884583,810,1080,0.5625,85,600,800,621.8,0.0,71.0,5.0,0.8641674518585205,True,
DE5D7D00-B265-43EC-923C-A8C76A7BFDF4-231030172959,26.0,18.83,7.170000000000002,27.576923076923084,0.7311,,0.823,server_yolo_seg,0.84912109375,145430,True,0.8673728704452515,810,1080,0.5625,85,600,800,623.9,0.0,81.3,5.0,0.9223814010620117,True,
DE663800-4592-44F6-990C-1B5D88618ECC-231103164741,77.2,62.96,14.240000000000002,18.44559585492228,2.1378,,0.825,server_yolo_seg,0.857421875,167591,True,0.8173959255218506,810,1080,0.5625,85,600,800,623.7,0.0,115.8,13.0,0.9459946155548096,True,
DECA3195-C199-4C50-8B34-58574631652B-231102155916,93.4,52.51,40.89000000000001,43.77944325481799,1.4064,,0.782,server_yolo_seg,0.8828125,260633,True,0.8851638436317444,810,1080,0.5625,85,600,800,621.4,0.0,83.5,12.0,0.8789799213409424,True,
DFC35E47-F0C4-48C2-BCE3-902207D9B789-231102162846,33.300000000000004,35.27,1.9699999999999989,5.915915915915912,0.5044,,0.833,server_yolo_seg,0.8759765625,231137,True,0.9103087186813354,810,1080,0.5625,85,600,800,623.6,0.0,85.1,10.0,0.8927240371704102,True,
DFF3F262-26AD-48A1-9DAD-133CD8BE0AB0-231030172224,53.400000000000006,51.95,1.4500000000000028,2.7153558052434508,0.6955,,0.829,server_yolo_seg,0.88427734375,288001,True,0.9224770665168762,810,1080,0.5625,85,600,800,619.8,0.0,143.0,19.0,0.9821362495422363,True,
E0DECFFE-467C-4BDE-BAA5-4C49F57F5584-231106170411,40.5,47.74,7.240000000000002,17.876543209876548,0.5082,,0.845,server_yolo_seg,0.876953125,288070,True,0.9388312101364136,810,1080,0.5625,85,600,800,621.9,0.0,84.6,13.0,0.8738222122192383,True,
E1BCD1BE-F55E-4384-8E42-827B5130157B-231030172100,54.900000000000006,39.3,15.600000000000009,28.4153005464481,1.579,,0.883,server_yolo_seg,0.85693359375,155220,True,0.8039084672927856,810,1080,0.5625,85,600,800,621.4,0.0,81.8,6.0,0.8800406455993652,True,
E1C52BC0-7C24-4617-8822-8DF7714FAB1C-231106170336,40.400000000000006,34.87,5.530000000000008,13.688118811881205,1.7382,,0.901,server_yolo_seg,0.83251953125,99079,True,0.8242919445037842,810,1080,0.5625,85,600,800,625.6,0.0,75.3,6.0,0.8956966400146484,True,
E25A6BF9-AB52-44AB-9F13-5AD0AD0771FE-231106171959,45.300000000000004,58.1,12.799999999999997,28.25607064017659,0.6103,,0.843,server_yolo_seg,0.89453125,279070,True,0.9069234728813171,810,1080,0.5625,85,600,800,623.6,0.0,93.6,10.0,0.8855891227722168,True,
E290B75F-5F98-4F2D-95E9-B50B2CDD057F-231102153345,77.0,56.73,20.270000000000003,26.32467532467533,1.5631,,0.89,server_yolo_seg,0.8193359375,186042,True,0.7653928995132446,810,1080,0.5625,85,600,800,620.2,0.0,83.5,10.0,0.8793191909790039,True,
E316AF52-B590-4484-8EA2-D673E7C75421-231030170054,39.6,24.64,14.96,37.77777777777778,0.9272,,0.827,server_yolo_seg,0.83642578125,158834,True,0.8911226391792297,810,1080,0.5625,85,600,800,624.4,0.0,82.3,6.0,0.8854198455810547,True,
E549711A-B64F-4284-AF3A-256065B80FCA-231103163048,60.0,60.77,0.7700000000000031,1.2833333333333385,0.7551,,0.833,server_yolo_seg,0.87060546875,300560,True,0.9043058753013611,810,1080,0.5625,85,600,800,623.7,0.0,86.0,12.5,0.9132959842681885,True,
E5631A27-F6B3-460C-89EA-291D63718C4E-231106164412,23.400000000000002,19.68,3.7200000000000024,15.897435897435908,0.4663,,0.719,server_yolo_seg,0.8671875,191020,True,0.8695216774940491,810,1080,0.5625,85,600,800,620.8,0.0,130.2,7.0,0.9437942504882812,True,
E58343C8-42B2-4C33-9ADD-335CC87F4913-231106170934,40.8,36.15,4.649999999999999,11.39705882352941,1.8143,,0.858,server_yolo_seg,0.8203125,110308,True,0.8044657111167908,810,1080,0.5625,85,600,800,626.0,0.0,108.6,10.0,0.9347150325775146,True,
E666387E-64C9-4A68-A218-2ECCE25DDD1D-231030171243,37.3,27.51,9.789999999999996,26.246648793565676,1.0449,,0.811,server_yolo_seg,0.8330078125,161913,True,0.8918830156326294,810,1080,0.5625,85,600,800,623.2,0.0,82.5,6.0,0.8992366790771484,True,
E71A9468-2B38-41BC-9445-BDF22903F059-231103165745,50.7,38.15,12.550000000000004,24.753451676528606,2.1374,,0.856,server_yolo_seg,0.80712890625,91139,True,0.7916994690895081,810,1080,0.5625,85,600,800,623.1,0.0,73.0,5.0,0.8763928413391113,True,
E8C400BE-5E30-47C2-B456-F42BEA282B4F-231102164019,35.3,44.05,8.75,24.787535410764875,0.4495,,0.82,server_yolo_seg,0.869140625,279991,True,0.8932693004608154,810,1080,0.5625,85,600,800,624.7,0.0,133.5,20.9,0.9531540870666504,True,
E991F624-D587-4B37-BF0B-3732E4D18BAF-231106171757,47.9,44.54,3.3599999999999994,7.014613778705636,2.3052,,0.903,server_yolo_seg,0.84814453125,80902,True,0.7784620523452759,810,1080,0.5625,85,600,800,626.1,0.0,71.5,4.0,0.8711068630218506,True,
E99AC618-881C-44D6-B4DC-7666CC82B66C-231103165638,48.4,48.09,0.30999999999999517,0.640495867768585,0.787,,0.84,server_yolo_seg,0.8896484375,240992,True,0.9153478741645813,810,1080,0.5625,85,600,800,623.6,0.0,113.7,15.0,0.9453685283660889,True,
EA057F83-0949-4B1B-8521-75D298542809-231106165811,41.4,40.03,1.3699999999999974,3.309178743961347,0.9028,,0.82,server_yolo_seg,0.88037109375,193454,True,0.8852585554122925,810,1080,0.5625,85,600,800,624.7,0.0,84.0,8.6,0.8853678703308105,True,
EC1BD4D1-141A-4BE0-9679-4FB6E14171F2-231103171132,24.4,19.18,5.219999999999999,21.39344262295082,1.0841,,0.824,server_yolo_seg,0.7490234375,105798,True,0.8278274536132812,810,1080,0.5625,85,600,800,623.2,0.0,78.1,4.0,0.8849349021911621,True,
EE78EDDC-FC0C-4937-A8DB-940EE82C1393-231106165909,39.5,34.39,5.109999999999999,12.936708860759492,1.8875,,0.898,server_yolo_seg,0.79931640625,103513,True,0.8502670526504517,810,1080,0.5625,85,600,800,623.2,0.0,73.3,5.0,0.9120254516601562,True,
F166D7B2-0BB8-4850-9994-202B92E7900C-231103162925,56.8,47.22,9.579999999999998,16.86619718309859,1.232,,0.817,server_yolo_seg,0.845703125,196308,True,0.886005699634552,810,1080,0.5625,85,600,800,623.7,0.0,84.5,6.0,0.8854861259460449,True,
F3848A4E-342D-4621-9F75-9D7B20DCFEFE-231106171432,44.3,52.4,8.100000000000001,18.28442437923251,0.5983,,0.818,server_yolo_seg,0.84912109375,282061,True,0.8783571720123291,810,1080,0.5625,85,600,800,622.2,1.0,82.5,12.0,0.8895065784454346,True,
F422C5BB-E257-43D4-91F2-C81BFDE3BB7C-231103165500,53.400000000000006,43.97,9.430000000000007,17.65917602996256,1.0909,,0.826,server_yolo_seg,0.875,201833,True,0.8699168562889099,810,1080,0.5625,85,600,800,622.6,0.0,121.6,9.0,0.9322493076324463,True,
F54B5F40-7B22-4D43-88DC-4803390814D4-231103165549,55.400000000000006,39.33,16.070000000000007,29.007220216606513,2.5039,,0.825,server_yolo_seg,0.74267578125,86704,True,0.7776238918304443,810,1080,0.5625,85,600,800,624.9,0.0,75.6,5.0,0.8662230968475342,True,
F7A9163C-1D9B-4704-96C4-6B0CD366DEBA-231106171457,44.4,46.93,2.530000000000001,5.698198198198201,0.7246,,0.824,server_yolo_seg,0.8212890625,240017,True,0.8423538208007812,810,1080,0.5625,85,600,800,625.1,0.0,82.6,11.0,0.8802139759063721,True,
F8901EB9-53B4-40B6-9EE7-3DA7CF035FCF-231102164649,38.5,41.38,2.8800000000000026,7.4805194805194875,0.5862,,0.83,server_yolo_seg,0.86181640625,240726,True,0.905607283115387,810,1080,0.5625,85,600,800,624.4,0.0,120.5,13.0,0.9808809757232666,True,
F898532F-E3B0-4F9A-ADC9-880007659FCB-231103165007,55.400000000000006,37.46,17.940000000000005,32.38267148014441,1.6901,,0.868,server_yolo_seg,0.81591796875,153552,True,0.8187794089317322,810,1080,0.5625,85,600,800,625.3,0.0,86.5,6.0,0.9142215251922607,True,
F8DB542C-96FA-4DE0-9694-8F1FB564A0B4-231103164401,60.9,54.43,6.469999999999999,10.623973727422003,1.3503,,0.794,server_yolo_seg,0.8505859375,216361,True,0.8604346513748169,810,1080,0.5625,85,600,800,623.4,0.0,132.7,11.0,0.9818038940429688,True,
F9D438F0-FD06-4601-AF09-A7DB679BDCD3-231106164710,19.3,19.74,0.4399999999999977,2.2797927461139778,0.7875,,0.842,server_yolo_seg,0.8134765625,97292,True,0.8105858564376831,810,1080,0.5625,85,600,800,624.3,0.0,76.9,5.0,0.886232852935791,True,
FA52E627-5217-49CF-BB65-107FD46C28E2-231106170725,42.699999999999996,35.78,6.919999999999995,16.206088992974227,1.1943,,0.826,server_yolo_seg,0.8330078125,154119,True,0.8631932735443115,810,1080,0.5625,85,600,800,621.6,0.0,77.0,5.0,0.9097912311553955,True,
FA83E47C-1108-4A38-B5EA-41B203E53031-231102163155,32.9,28.02,4.879999999999999,14.832826747720363,0.9919,,0.831,server_yolo_seg,0.77685546875,142448,True,0.8870858550071716,810,1080,0.5625,85,600,800,622.3,0.0,76.6,6.0,0.8840217590332031,True,
FAB20FF9-6652-4761-83AC-6DB47964588E-231102165621,34.0,32.29,1.7100000000000009,5.029411764705885,1.56,,0.867,server_yolo_seg,0.775390625,104243,True,0.6017994284629822,810,1080,0.5625,85,600,800,623.3,0.0,77.0,4.0,0.9173810482025146,True,
FAFBCC77-5787-4D18-8003-2A2F6CDD79B5-231030173446,21.3,30.27,8.969999999999999,42.112676056338024,0.3461,,0.715,server_yolo_seg,0.8798828125,242891,True,0.9121431708335876,810,1080,0.5625,85,600,800,623.3,0.0,132.8,16.0,0.9677777290344238,True,
FB06EC68-F483-46B4-9898-C0A7C586D7C1-231106171236,43.5,39.43,4.07,9.35632183908046,0.9193,,0.819,server_yolo_seg,0.85595703125,186434,True,0.8645709753036499,810,1080,0.5625,85,600,800,622.9,0.0,77.8,6.0,0.8727297782897949,True,
FBD4691A-2D48-4B05-A101-C6508590C869-231030171219,37.0,30.08,6.920000000000002,18.702702702702705,0.8028,,0.797,server_yolo_seg,0.83544921875,199527,True,0.9067229628562927,810,1080,0.5625,85,600,800,624.3,0.0,79.3,13.0,0.9076287746429443,True,
FC8D0755-8075-4983-9ECC-EA5A93747698-231106170444,41.199999999999996,36.27,4.929999999999993,11.96601941747571,0.8541,,0.832,server_yolo_seg,0.86474609375,193136,True,0.8853850960731506,810,1080,0.5625,85,600,800,623.4,0.0,83.8,6.0,0.8779406547546387,True,
FD7A2A35-1B5C-484C-8B4A-86DDA252CB04-231102160659,88.2,60.48,27.720000000000006,31.428571428571434,3.9287,,0.848,server_yolo_seg,0.88427734375,79883,True,0.81195068359375,810,1080,0.5625,85,600,800,624.9,0.0,72.5,5.0,0.8821837902069092,True,
FDBB7C67-8F49-4248-9F36-3EDAE6FE9BB2-231103163242,62.0,50.41,11.590000000000003,18.69354838709678,1.226,,0.817,server_yolo_seg,0.873046875,208431,True,0.8337576985359192,810,1080,0.5625,85,600,800,619.7,0.0,121.6,9.0,0.9918789863586426,True,
FF921956-221D-493E-8F78-8F1554D7C63E-231030170733,36.199999999999996,39.24,3.0400000000000063,8.397790055248636,0.6572,,0.789,server_yolo_seg,0.8642578125,260121,True,0.927897036075592,810,1080,0.5625,85,600,800,625.1,0.0,139.4,18.0,0.9550595283508301,True,
