name,gt_dbh_cm,gt_dist_m,pred_dbh_cm,pred_depth_m,pixel_width,confidence,method,backend_used,processing_width,processing_height,depth_estimation_ms,detection_ms,segmentation_ms,dbh_calculation_ms,seg_source,server_yolo_confidence,server_yolo_positive_px,gt_bbox_sent,upload_scale,upload_width,upload_height,jpeg_quality,abs_err_cm,rel_err_pct,elapsed_s,ok,error
00CC1E5F-4EA1-4AA4-8828-D0E60B632B7F-231103163010,56.40,2.497,68.05,2.497,143.00,0.98,multi_row_median+reference,da3_openvino_npu,600,800,619.9,,76.4,4.0,server_yolo_seg,0.75146484375,81396,1,1.000000,1440,1920,95,11.65,20.66,0.98,1,
00E6190A-4D41-41CD-8FE1-B36E79A59793-231102165223,39.80,0.847,38.75,0.847,225.00,0.92,multi_row_median+reference,da3_openvino_npu,600,800,557.8,,79.4,7.0,server_yolo_seg,0.84765625,176719,1,1.000000,1440,1920,95,1.05,2.64,0.90,1,
0151C7D1-F6D7-41FD-BF35-0186A4A122D3-231106165832,41.00,1.155,47.33,1.155,205.00,0.92,multi_row_median+reference,da3_openvino_npu,600,800,560.4,,76.4,6.0,server_yolo_seg,0.8603515625,157240,1,1.000000,1440,1920,95,6.33,15.44,0.89,1,
01EA669D-D466-446C-9099-AFC61378584E-231106164921,21.00,0.838,19.00,0.838,122.00,0.94,multi_row_median+reference,da3_openvino_npu,600,800,554.1,,72.0,5.0,server_yolo_seg,0.84228515625,103350,1,1.000000,1440,1920,95,2.00,9.52,0.87,1,
047DC49B-1361-4F16-AC46-7A1B827719D0-231102162939,34.00,0.883,29.52,0.883,172.00,0.94,multi_row_median+reference,da3_openvino_npu,600,800,563.1,,89.3,5.0,server_yolo_seg,0.8134765625,149268,1,1.000000,1440,1920,95,4.48,13.18,0.89,1,
05244CBC-3E5D-493F-B533-6F1A028AD898-231106164652,18.30,0.520,20.43,0.520,199.00,0.82,multi_row_median+reference,da3_openvino_npu,600,800,561.0,,72.6,7.0,server_yolo_seg,0.796875,136124,1,1.000000,1440,1920,95,2.13,11.64,0.89,1,
0529AAC7-B5BF-4D90-8214-C599E34F9473-231103165712,50.30,1.479,53.29,1.479,183.00,0.99,multi_row_median+reference,da3_openvino_npu,600,800,556.8,,69.8,7.0,server_yolo_seg,0.900390625,149033,1,1.000000,1440,1920,95,2.99,5.94,0.87,1,
05D92A4E-C76D-4AD1-8C7F-EF7AFC9CCAEF-231106165041,18.40,0.367,17.53,0.367,236.00,0.81,multi_row_median+reference,da3_openvino_npu,600,800,558.1,1.0,70.0,6.0,server_yolo_seg,0.84765625,180665,1,1.000000,1440,1920,95,0.87,4.73,0.88,1,
06DE8A9E-4227-4848-8E9D-E8ACF1584CDB-231103163442,55.80,0.766,63.37,0.766,365.00,0.94,multi_row_median+reference,da3_openvino_npu,600,800,554.1,,85.8,9.0,server_yolo_seg,0.8583984375,285671,1,1.000000,1440,1920,95,7.57,13.57,0.86,1,
06E0352F-BDCD-4A56-8A8C-4E53FDDDF4D9-231103170935,22.00,1.037,23.88,1.037,123.00,0.92,multi_row_median+reference,da3_openvino_npu,600,800,556.4,,66.0,4.0,server_yolo_seg,0.8359375,98295,1,1.000000,1440,1920,95,1.88,8.55,0.87,1,
07D87441-1C0D-4611-978F-A35444A88349-231103164414,63.30,1.765,73.74,1.765,208.00,0.96,multi_row_median+reference,da3_openvino_npu,600,800,558.6,,100.6,7.0,server_yolo_seg,0.8359375,178495,1,1.000000,1440,1920,95,10.44,16.49,0.89,1,
089F7B5D-B3BC-4512-9D1A-8AD28B9000EA-231106164449,22.70,0.921,20.21,0.921,118.00,0.93,multi_row_median+reference,da3_openvino_npu,600,800,554.7,,68.8,5.0,server_yolo_seg,0.833984375,93102,1,1.000000,1440,1920,95,2.49,10.97,0.87,1,
0AA84885-4F46-40FB-9EC3-91A1AE81A3AD-231030173704,22.40,0.929,24.42,0.929,139.00,0.94,multi_row_median+reference,da3_openvino_npu,600,800,555.6,,68.1,6.0,server_yolo_seg,0.798828125,107375,1,1.000000,1440,1920,95,2.02,9.02,0.87,1,
0C395810-9DC5-424A-B54B-CC735E377675-231102162336,31.60,0.436,39.89,0.436,396.00,0.82,multi_row_median+reference,da3_openvino_npu,600,800,557.3,,83.2,13.0,server_yolo_seg,0.87744140625,285669,1,1.000000,1440,1920,95,8.29,26.23,0.89,1,
0DCFC853-F356-4D00-81A1-10BC8E8D4719-231103163954,66.20,3.005,82.55,3.005,144.00,0.93,multi_row_median+reference,da3_openvino_npu,600,800,551.8,,64.0,5.5,server_yolo_seg,0.77685546875,102420,1,1.000000,1440,1920,95,16.35,24.70,0.88,1,
0F66C027-021D-4FB7-AB62-070D252723E0-231106171720,50.00,1.015,53.98,1.015,256.00,0.95,multi_row_median+reference,da3_openvino_npu,600,800,554.2,,70.7,7.0,server_yolo_seg,0.8720703125,191998,1,1.000000,1440,1920,95,3.98,7.96,0.86,1,
101405DF-156A-44E7-93A6-65CC710CCFDB-231103164950,56.00,1.189,60.03,1.189,244.00,0.92,multi_row_median+reference,da3_openvino_npu,600,800,550.4,,69.6,6.0,server_yolo_seg,0.87158203125,195008,1,1.000000,1440,1920,95,4.03,7.20,0.88,1,
103A1443-6E22-4E8F-B83D-C15685B76350-231103163539,55.00,1.209,62.07,1.209,248.00,1.00,multi_row_median+reference,da3_openvino_npu,600,800,553.7,,73.0,6.5,server_yolo_seg,0.86279296875,193808,1,1.000000,1440,1920,95,7.07,12.85,0.87,1,
1098945F-375C-4BDE-A261-6FC5A4DB9BA9-231106172111,46.50,1.999,51.72,1.999,137.00,0.99,multi_row_median+reference,da3_openvino_npu,600,800,556.8,,78.5,4.0,server_yolo_seg,0.80322265625,94729,1,1.000000,1440,1920,95,5.22,11.23,0.90,1,
114A5D61-7279-48CB-937C-0CE1036AF38E-231102160238,86.90,1.954,103.76,1.954,254.00,0.93,multi_row_median+reference,da3_openvino_npu,600,800,556.5,,78.1,12.0,server_yolo_seg,0.84423828125,222919,1,1.000000,1440,1920,95,16.86,19.40,0.86,1,
12517CBD-CF45-4032-A19F-1F29008AC541-231102165123,39.60,0.547,45.71,0.547,368.00,0.92,multi_row_median+reference,da3_openvino_npu,600,800,556.7,,81.1,11.0,server_yolo_seg,0.84423828125,269584,1,1.000000,1440,1920,95,6.11,15.43,0.88,1,
135B185B-A8C1-4B76-877B-27D76B47CF77-231102160038,87.00,3.891,95.54,3.891,130.00,0.93,multi_row_median+reference,da3_openvino_npu,600,800,552.8,,73.0,7.0,server_yolo_seg,0.8095703125,74893,1,1.000000,1440,1920,95,8.54,9.82,0.90,1,
14A2628E-1665-4FAC-984C-0D0978E97E47-231102163821,32.40,0.680,34.86,0.680,248.00,0.93,multi_row_median+reference,da3_openvino_npu,600,800,551.6,,86.2,9.0,server_yolo_seg,0.85693359375,190787,1,1.000000,1440,1920,95,2.46,7.59,0.86,1,
17DAA953-0E8F-4B7D-B346-C8E0D115FC55-231030173153,21.10,0.377,23.94,0.377,299.00,0.81,multi_row_median+reference,da3_openvino_npu,600,800,553.1,,86.5,9.4,server_yolo_seg,0.88720703125,232067,1,1.000000,1440,1920,95,2.84,13.46,0.88,1,
19B04FAB-0192-4101-B04B-49E3543BB267-231106171855,47.10,0.914,45.36,0.914,242.00,0.93,multi_row_median+reference,da3_openvino_npu,600,800,550.9,,76.0,7.0,server_yolo_seg,0.85595703125,204138,1,1.000000,1440,1920,95,1.74,3.69,0.86,1,
1B729CC9-5706-4937-A3D3-C84D371CD5E4-231030173628,23.70,0.583,23.23,0.583,201.00,0.93,multi_row_median+reference,da3_openvino_npu,600,800,554.2,,71.1,5.0,server_yolo_seg,0.85205078125,149546,1,1.000000,1440,1920,95,0.47,1.98,0.89,1,
1BF7D86C-6A79-4077-8C6D-A2DFA6C0047B-231106170858,42.00,0.910,45.14,0.910,242.00,0.92,multi_row_median+reference,da3_openvino_npu,600,800,555.0,,71.7,8.0,server_yolo_seg,0.85498046875,197471,1,1.000000,1440,1920,95,3.14,7.48,0.86,1,
1CB40971-2173-4907-8E1A-DD41CEB94E52-231106171254,40.40,1.194,45.15,1.194,192.00,0.92,multi_row_median+reference,da3_openvino_npu,600,800,554.0,,86.7,9.0,server_yolo_seg,0.86328125,151258,1,1.000000,1440,1920,95,4.75,11.76,0.88,1,
1CB59FD1-904F-437E-AB5D-461BE9E99AFE-231102160500,88.00,1.500,101.20,1.500,309.00,0.92,multi_row_median+reference,da3_openvino_npu,600,800,552.5,,97.5,15.0,server_yolo_seg,0.88427734375,238326,1,1.000000,1440,1920,95,13.20,15.00,0.92,1,
1E4C4E78-C31A-4765-A7B1-414378D1650B-231106165935,36.50,0.482,41.60,0.482,379.00,0.93,multi_row_median+reference,da3_openvino_npu,600,800,553.9,,148.6,13.5,server_yolo_seg,0.88037109375,296504,1,1.000000,1440,1920,95,5.10,13.97,0.96,1,
200BC94B-A789-4ED7-8345-46400C3B6A2D-231030171923,62.50,2.436,58.22,2.436,127.00,1.00,multi_row_median+reference,da3_openvino_npu,600,800,555.6,,81.2,6.0,server_yolo_seg,0.78369140625,90678,1,1.000000,1440,1920,95,4.28,6.85,0.93,1,
20E75B14-9766-4946-97EC-7813FFB135D0-231102162917,33.70,0.680,32.95,0.680,237.00,0.93,multi_row_median+reference,da3_openvino_npu,600,800,561.3,,82.5,10.0,server_yolo_seg,0.8505859375,181271,1,1.000000,1440,1920,95,0.75,2.23,0.89,1,
21F5FF7A-A870-4EB3-AC5A-72632F9E7E57-231102165314,38.60,1.795,37.42,1.795,112.00,1.00,multi_row_median+reference,da3_openvino_npu,600,800,557.2,,79.0,6.0,server_yolo_seg,0.74267578125,82746,1,1.000000,1440,1920,95,1.18,3.06,0.92,1,
222D57AE-4273-4A20-AA61-A48B718F2C47-231103171052,26.50,0.517,28.54,0.517,265.00,0.82,multi_row_median+reference,da3_openvino_npu,600,800,557.0,1.0,111.3,12.0,server_yolo_seg,0.86474609375,192887,1,1.000000,1440,1920,95,2.04,7.70,0.97,1,
223A87AF-E9E6-4C96-BAA3-37ACD42B606D-231106170745,43.50,1.850,51.41,1.850,146.00,0.99,multi_row_median+reference,da3_openvino_npu,600,800,552.1,,76.4,6.0,server_yolo_seg,0.82666015625,100343,1,1.000000,1440,1920,95,7.91,18.18,0.92,1,
22630EB6-3342-49ED-94E8-FE02C7D6AD3C-231030172656,59.60,1.571,64.98,1.571,206.00,0.90,multi_row_median+reference,da3_openvino_npu,600,800,567.8,,115.2,15.5,server_yolo_seg,0.84130859375,151766,1,1.000000,1440,1920,95,5.38,9.03,1.07,1,
22909C39-9CA9-40C6-AD59-A87FD5F6085B-231103163814,67.30,1.068,73.00,1.068,313.00,0.93,multi_row_median+reference,da3_openvino_npu,600,800,551.6,,78.7,10.1,server_yolo_seg,0.8759765625,256468,1,1.000000,1440,1920,95,5.70,8.47,0.84,1,
23CF7F50-8967-4686-AFAB-0A98C2C39531-231103164336,59.80,1.039,63.17,1.039,285.00,0.91,multi_row_median+reference,da3_openvino_npu,600,800,551.4,,69.2,9.0,server_yolo_seg,0.8662109375,254599,1,1.000000,1440,1920,95,3.37,5.64,0.86,1,
264929ED-95CE-47CA-AE96-CB547A31FE49-231103164120,81.20,1.308,86.54,1.308,305.00,0.86,multi_row_median+reference,da3_openvino_npu,600,800,553.6,,74.9,10.0,server_yolo_seg,0.80908203125,261240,1,1.000000,1440,1920,95,5.34,6.58,0.86,1,
270B2674-33A0-4EF1-9CA3-FDCCCA9E54BB-231030173120,22.00,0.311,25.15,0.311,364.00,0.81,multi_row_median+reference,da3_openvino_npu,600,800,552.2,,74.5,10.0,server_yolo_seg,0.89599609375,279006,1,1.000000,1440,1920,95,3.15,14.32,0.84,1,
27BF6D35-35BB-4E37-85EC-452708AEA3F5-231102165242,38.80,1.120,38.56,1.120,176.00,0.92,multi_row_median+reference,da3_openvino_npu,600,800,553.8,,73.9,7.0,server_yolo_seg,0.79833984375,138411,1,1.000000,1440,1920,95,0.24,0.62,0.86,1,
27C7A88F-9606-4ECB-B1B0-2BBF1739CED9-231103171524,21.10,0.624,24.57,0.624,199.00,0.94,multi_row_median+reference,da3_openvino_npu,600,800,576.4,,137.4,5.0,server_yolo_seg,0.84912109375,144420,1,1.000000,1440,1920,95,3.47,16.45,0.92,1,
289C1EE6-EF7D-4C8C-8524-C9502E1D9056-231106171336,40.60,1.876,47.73,1.876,135.00,0.97,multi_row_median+reference,da3_openvino_npu,600,800,556.2,,59.1,4.0,server_yolo_seg,0.873046875,85379,1,1.000000,1440,1920,95,7.13,17.56,0.83,1,
2B599810-D1FF-4F41-A6B1-824CB28F9EA4-231106170159,41.30,0.543,43.06,0.543,355.00,0.94,multi_row_median+reference,da3_openvino_npu,600,800,551.4,,71.0,8.5,server_yolo_seg,0.88427734375,287673,1,1.000000,1440,1920,95,1.76,4.26,0.82,1,
2C33773D-7AC9-4A5D-A585-B294145B262D-231102154352,75.40,0.901,77.62,0.901,376.00,0.88,multi_row_median+reference,da3_openvino_npu,600,800,553.5,,80.5,9.0,server_yolo_seg,0.8701171875,298823,1,1.000000,1440,1920,95,2.22,2.94,0.86,1,
2C33C5EC-D302-4A3D-B67B-150794C94AC1-231102164940,37.50,1.029,39.43,1.029,193.00,0.94,multi_row_median+reference,da3_openvino_npu,600,800,554.9,,73.9,7.0,server_yolo_seg,0.82763671875,149117,1,1.000000,1440,1920,95,1.93,5.15,0.86,1,
2C81D95D-ABB6-48DA-BAC1-31DB29DD4843-231030173819,25.10,0.399,25.91,0.399,304.00,0.81,multi_row_median+reference,da3_openvino_npu,600,800,556.1,,74.0,6.0,server_yolo_seg,0.89501953125,238504,1,1.000000,1440,1920,95,0.81,3.23,0.86,1,
2D1AA765-BD28-41EE-8703-5B09A920BA6D-231102162706,30.50,0.699,32.17,0.699,227.00,0.94,multi_row_median+reference,da3_openvino_npu,600,800,556.5,,81.8,4.0,server_yolo_seg,0.83447265625,185176,1,1.000000,1440,1920,95,1.67,5.48,0.89,1,
2DC419CE-2AD4-4AEE-B4A7-F1510685EE52-231102154157,70.00,2.059,72.28,2.059,179.00,1.00,multi_row_median+reference,da3_openvino_npu,600,800,560.7,,82.4,5.0,server_yolo_seg,0.822265625,101756,1,1.000000,1440,1920,95,2.28,3.26,0.91,1,
2E744A4D-24FA-4FFF-A95B-205B825621C0-231030170334,36.10,0.691,45.70,0.691,306.00,0.93,multi_row_median+reference,da3_openvino_npu,600,800,555.3,,76.5,7.0,server_yolo_seg,0.86865234375,244226,1,1.000000,1440,1920,95,9.60,26.59,0.90,1,
2F15E2C3-7FDA-4BC1-874A-3BC06BE5ADCF-231102163429,34.40,0.557,34.08,0.557,288.00,0.94,multi_row_median+reference,da3_openvino_npu,600,800,556.5,3.0,76.0,6.0,server_yolo_seg,0.8603515625,245920,1,1.000000,1440,1920,95,0.32,0.93,0.86,1,
2F362B17-F02A-4C6C-8B89-02D0DB711B60-231103162740,62.30,2.884,75.68,2.884,138.00,0.93,multi_row_median+reference,da3_openvino_npu,600,800,557.7,,83.7,7.0,server_yolo_seg,0.412841796875,85548,1,1.000000,1440,1920,95,13.38,21.48,0.88,1,
2F5C8FC5-32B1-4EA1-81FE-0820684A47A4-231030170401,38.20,0.867,45.98,0.867,255.00,0.92,multi_row_median+reference,da3_openvino_npu,600,800,555.2,,70.9,7.0,server_yolo_seg,0.8603515625,207126,1,1.000000,1440,1920,95,7.78,20.37,0.87,1,
307FB818-91FC-40E0-AB9B-447038235F32-231102163731,33.40,0.581,38.06,0.581,304.00,0.94,multi_row_median+reference,da3_openvino_npu,600,800,557.2,,80.6,7.0,server_yolo_seg,0.8701171875,224861,1,1.000000,1440,1920,95,4.66,13.95,0.89,1,
33316941-C407-4C3F-B7A4-5774F212B58D-231030171003,36.90,1.544,41.61,1.544,142.00,0.95,multi_row_median+reference,da3_openvino_npu,600,800,562.1,,77.5,6.0,server_yolo_seg,0.7841796875,123287,1,1.000000,1440,1920,95,4.71,12.76,0.89,1,
342D3151-D21E-46E9-8F7E-94E3D8C27D52-231103163600,56.70,1.624,63.59,1.624,197.00,0.99,multi_row_median+reference,da3_openvino_npu,600,800,556.8,,73.5,4.0,server_yolo_seg,0.84326171875,149697,1,1.000000,1440,1920,95,6.89,12.15,0.88,1,
34E69A46-B00C-4712-8A8C-6A4EE598918C-231103170807,25.50,0.346,29.52,0.346,377.00,0.82,multi_row_median+reference,da3_openvino_npu,600,800,552.5,,79.1,11.5,server_yolo_seg,0.8896484375,280332,1,1.000000,1440,1920,95,4.02,15.76,0.89,1,
34EA874A-034C-49C2-8DCA-359061158BC5-231102160012,82.60,2.623,95.98,2.623,185.00,0.95,multi_row_median+reference,da3_openvino_npu,600,800,557.0,,74.5,6.4,server_yolo_seg,0.7919921875,141813,1,1.000000,1440,1920,95,13.38,16.20,0.90,1,
360413C3-FF72-498D-AD4A-4EDA6B29E766-231106170229,41.00,0.848,39.46,0.848,229.00,0.94,multi_row_median+reference,da3_openvino_npu,600,800,555.1,,71.4,7.0,server_yolo_seg,0.84716796875,189688,1,1.000000,1440,1920,95,1.54,3.76,0.86,1,
3606D4EA-EF4E-4510-88F1-AEF0E3A6B37D-231102162510,32.00,0.924,33.61,0.924,185.00,0.94,multi_row_median+reference,da3_openvino_npu,600,800,554.4,,68.5,5.0,server_yolo_seg,0.83740234375,146363,1,1.000000,1440,1920,95,1.61,5.03,0.86,1,
37176F52-54F9-46A2-B499-AAD32A47CD40-231102164907,37.20,0.766,38.21,0.766,242.00,0.93,multi_row_median+reference,da3_openvino_npu,600,800,554.5,,112.9,7.0,server_yolo_seg,0.87353515625,194924,1,1.000000,1440,1920,95,1.01,2.72,0.88,1,
3A0B7EBC-E400-4360-BDF3-BBC5BE236852-231102162415,32.10,0.670,38.97,0.670,275.00,0.94,multi_row_median+reference,da3_openvino_npu,600,800,556.2,,79.0,11.0,server_yolo_seg,0.875,195200,1,1.000000,1440,1920,95,6.87,21.40,0.90,1,
3A4D32D4-CEEC-4FF1-B6F4-A1D71430C2C7-231106171653,50.90,0.792,48.13,0.792,286.00,0.95,multi_row_median+reference,da3_openvino_npu,600,800,560.6,,83.5,7.0,server_yolo_seg,0.89111328125,237222,1,1.000000,1440,1920,95,2.77,5.44,0.88,1,
3B2D5DDF-5CFC-4DE0-AF6F-ADDA9F2FDA2B-231103164100,77.40,1.048,93.31,1.048,385.00,0.85,multi_row_median+reference,da3_openvino_npu,600,800,556.5,,84.8,11.0,server_yolo_seg,0.82861328125,306727,1,1.000000,1440,1920,95,15.91,20.56,0.92,1,
3BDA4617-5261-42C5-8CE7-547B9EC854B3-231106164329,22.60,0.306,23.86,0.306,354.00,0.81,multi_row_median+reference,da3_openvino_npu,600,800,556.6,1.0,83.4,14.0,server_yolo_seg,0.88427734375,279243,1,1.000000,1440,1920,95,1.26,5.58,0.94,1,
3BDE6645-7C47-46D3-89FA-C33180F1A780-231030172432,58.60,2.271,57.10,2.271,133.00,0.99,multi_row_median+reference,da3_openvino_npu,600,800,559.6,,71.5,5.0,server_yolo_seg,0.80517578125,93611,1,1.000000,1440,1920,95,1.50,2.56,0.93,1,
3D25E0A6-E761-4976-89CB-111C3ADEBEDA-231106165059,18.10,0.488,13.85,0.488,150.00,0.94,multi_row_median+reference,da3_openvino_npu,600,800,559.6,1.0,70.5,6.0,server_yolo_seg,0.845703125,138140,1,1.000000,1440,1920,95,4.25,23.48,0.89,1,
3D4DAAD6-8F09-41C9-8AA6-94E211E0DEE1-231106171620,49.90,0.623,52.43,0.623,371.00,0.94,multi_row_median+reference,da3_openvino_npu,600,800,562.7,,79.5,10.0,server_yolo_seg,0.88330078125,295605,1,1.000000,1440,1920,95,2.53,5.07,0.90,1,
3D881E30-569B-4DB6-9DE8-AE1897948D5C-231103165236,49.10,1.103,58.34,1.103,254.00,0.94,multi_row_median+reference,da3_openvino_npu,600,800,560.2,,73.0,7.0,server_yolo_seg,0.85107421875,193588,1,1.000000,1440,1920,95,9.24,18.82,0.86,1,
416FAAE2-9A84-4CF3-8CAE-1FEBB07A8D3C-231030171716,51.80,0.661,57.99,0.661,382.00,0.94,multi_row_median+reference,da3_openvino_npu,600,800,555.8,,80.5,13.0,server_yolo_seg,0.9013671875,294635,1,1.000000,1440,1920,95,6.19,11.95,0.90,1,
41FD80F9-96DB-45A9-8858-888D740239CA-231030170019,33.10,0.693,34.70,0.693,243.00,0.92,multi_row_median+reference,da3_openvino_npu,600,800,555.8,,76.2,7.0,server_yolo_seg,0.87353515625,196131,1,1.000000,1440,1920,95,1.60,4.83,0.88,1,
421CC972-4608-4F6E-87C4-D780C3A91E8F-231103165201,49.70,0.826,54.54,0.826,305.00,0.94,multi_row_median+reference,da3_openvino_npu,600,800,561.5,,78.6,8.2,server_yolo_seg,0.8798828125,237637,1,1.000000,1440,1920,95,4.84,9.74,0.91,1,
42A3D088-F765-4123-87F2-436C3860E828-231106165119,20.90,0.875,18.59,0.875,115.00,0.94,multi_row_median+reference,da3_openvino_npu,600,800,560.5,,69.5,5.0,server_yolo_seg,0.76806640625,98762,1,1.000000,1440,1920,95,2.31,11.05,0.92,1,
45314FD5-9B4E-471E-81ED-54CF7759163C-231030173408,23.00,0.295,24.35,0.295,370.00,0.82,multi_row_median+reference,da3_openvino_npu,600,800,558.9,,80.8,10.0,server_yolo_seg,0.88037109375,276859,1,1.000000,1440,1920,95,1.35,5.87,0.90,1,
458BB621-A357-418B-8234-3D688738719A-231102163700,32.80,0.476,39.43,0.476,367.00,0.94,multi_row_median+reference,da3_openvino_npu,600,800,556.1,,81.5,10.0,server_yolo_seg,0.8662109375,282638,1,1.000000,1440,1920,95,6.63,20.21,0.91,1,
45B3FBD3-3FA4-497D-8AED-BFF4328D7E60-231030171741,54.30,0.856,55.37,0.856,300.00,0.94,multi_row_median+reference,da3_openvino_npu,600,800,554.3,,81.7,6.0,server_yolo_seg,0.8828125,237106,1,1.000000,1440,1920,95,1.07,1.97,0.91,1,
46083B75-7D29-4E29-BC49-77D221A29FED-231102164723,37.20,1.027,35.36,1.027,176.00,0.93,multi_row_median+reference,da3_openvino_npu,600,800,554.5,,72.0,6.5,server_yolo_seg,0.86279296875,156182,1,1.000000,1440,1920,95,1.84,4.95,0.89,1,
465E6BEE-5FEE-47F0-BDBE-D822D7460E7E-231103170908,23.50,0.722,27.75,0.722,194.00,0.94,multi_row_median+reference,da3_openvino_npu,600,800,565.9,,78.0,4.0,server_yolo_seg,0.84423828125,149186,1,1.000000,1440,1920,95,4.25,18.09,0.91,1,
46AC6D49-51EF-4559-8E0A-2302BD2D0CE8-231103162719,64.70,1.863,77.60,1.863,207.00,0.93,multi_row_median+reference,da3_openvino_npu,600,800,561.8,,67.0,7.0,server_yolo_seg,0.69970703125,144901,1,1.000000,1440,1920,95,12.90,19.94,0.86,1,
482C2388-1E0F-4A86-A0AA-33308F1EAD70-231102164745,36.50,1.576,39.69,1.576,133.00,1.00,multi_row_median+reference,da3_openvino_npu,600,800,552.0,,79.5,6.0,server_yolo_seg,0.76416015625,119455,1,1.000000,1440,1920,95,3.19,8.74,0.87,1,
48AF6327-3A23-4503-9845-E6A289FD7939-231030172728,62.60,2.560,68.24,2.560,140.00,0.99,multi_row_median+reference,da3_openvino_npu,600,800,552.6,,79.5,7.0,server_yolo_seg,0.7666015625,79604,1,1.000000,1440,1920,95,5.64,9.01,0.89,1,
48D3DE65-01C8-4665-9AA2-23E9864B3004-231030173944,28.40,1.045,29.48,1.045,148.00,0.92,multi_row_median+reference,da3_openvino_npu,600,800,556.0,,80.4,5.9,server_yolo_seg,0.8291015625,110410,1,1.000000,1440,1920,95,1.08,3.80,0.86,1,
49411707-F5A5-4ED2-A2C9-12106B0DCA28-231106170919,41.50,1.227,46.45,1.227,192.00,0.91,multi_row_median+reference,da3_openvino_npu,600,800,555.7,,83.1,7.0,server_yolo_seg,0.8134765625,158968,1,1.000000,1440,1920,95,4.95,11.93,0.86,1,
4D3CDF9C-95DF-4250-9DB5-F3D232A5E0A2-231103164806,77.10,3.337,96.89,3.337,151.00,0.93,multi_row_median+reference,da3_openvino_npu,600,800,553.6,,82.5,7.0,server_yolo_seg,0.7216796875,103689,1,1.000000,1440,1920,95,19.79,25.67,0.90,1,
4E159F83-FCAB-4E51-B60B-98014714297F-231102164836,37.40,0.606,35.92,0.606,280.00,0.94,multi_row_median+reference,da3_openvino_npu,600,800,554.4,,89.8,7.7,server_yolo_seg,0.86181640625,242918,1,1.000000,1440,1920,95,1.48,3.96,0.89,1,
4E4A82DF-E705-4485-A22A-E5D2C2EC9B3B-231106170050,38.20,0.760,37.15,0.760,239.00,0.93,multi_row_median+reference,da3_openvino_npu,600,800,558.1,,119.0,11.0,server_yolo_seg,0.88525390625,202140,1,1.000000,1440,1920,95,1.05,2.75,0.95,1,
4EF049BB-7C91-43E8-8214-4AB3DE7007AA-231103163317,61.60,1.744,65.63,1.744,190.00,0.98,multi_row_median+reference,da3_openvino_npu,600,800,555.2,,70.5,5.0,server_yolo_seg,0.787109375,149531,1,1.000000,1440,1920,95,4.03,6.54,0.89,1,
5012466E-3DA6-4C64-B510-1F36953BD169-231102163929,31.90,1.451,33.74,1.451,124.00,1.00,multi_row_median+reference,da3_openvino_npu,600,800,556.7,,71.9,4.0,server_yolo_seg,0.8232421875,103174,1,1.000000,1440,1920,95,1.84,5.77,0.90,1,
50F69BAD-C8EB-4239-96F0-7DB8981C4196-231102164818,37.10,0.509,43.08,0.509,373.00,0.93,multi_row_median+reference,da3_openvino_npu,600,800,553.9,,99.3,10.0,server_yolo_seg,0.88134765625,288569,1,1.000000,1440,1920,95,5.98,16.12,0.89,1,
518325CA-C60D-4E5E-B34B-AA002D150C8B-231030172934,27.80,0.538,28.12,0.538,253.00,0.82,multi_row_median+reference,da3_openvino_npu,600,800,554.2,,77.0,7.0,server_yolo_seg,0.8662109375,194581,1,1.000000,1440,1920,95,0.32,1.15,0.91,1,
5260BE93-B4EC-44CD-B8F3-46DDE4EAFE9D-231030170227,40.00,0.520,44.47,0.520,376.00,0.93,multi_row_median+reference,da3_openvino_npu,600,800,558.9,1.0,87.0,11.5,server_yolo_seg,0.8720703125,296222,1,1.000000,1440,1920,95,4.47,11.17,0.91,1,
52EE2FC5-8751-407B-9A24-EFA6A97C23A6-231106172041,48.40,1.004,50.11,1.004,243.00,0.94,multi_row_median+reference,da3_openvino_npu,600,800,554.5,,116.9,6.0,server_yolo_seg,0.8525390625,190899,1,1.000000,1440,1920,95,1.71,3.53,0.94,1,
5320BD2B-724F-4DF5-91F7-1D3CF5A58AF8-231103165437,51.80,0.881,57.00,0.881,300.00,0.94,multi_row_median+reference,da3_openvino_npu,600,800,555.5,,83.0,8.0,server_yolo_seg,0.869140625,235533,1,1.000000,1440,1920,95,5.20,10.04,0.93,1,
569DD531-3529-46E7-AE47-0158A9731ACF-231106172055,47.00,1.413,50.94,1.413,184.00,1.00,multi_row_median+reference,da3_openvino_npu,600,800,559.4,1.0,74.2,6.0,server_yolo_seg,0.8798828125,150679,1,1.000000,1440,1920,95,3.94,8.38,0.91,1,
56A004C8-44A4-46F2-A95A-42ACD03906D0-231106171044,41.00,0.892,45.55,0.892,248.00,0.93,multi_row_median+reference,da3_openvino_npu,600,800,558.8,,73.5,6.0,server_yolo_seg,0.84619140625,189512,1,1.000000,1440,1920,95,4.55,11.10,0.89,1,
56F08E1D-6C84-4076-A499-F3E953101D3E-231106170821,44.20,0.537,46.17,0.537,378.00,0.94,multi_row_median+reference,da3_openvino_npu,600,800,557.0,,89.8,12.5,server_yolo_seg,0.89501953125,297977,1,1.000000,1440,1920,95,1.97,4.46,0.91,1,
575C3ED6-E2F6-4BD1-B32E-612899D2BE32-231030173027,27.50,1.044,26.18,1.044,133.00,0.92,multi_row_median+reference,da3_openvino_npu,600,800,558.5,,74.5,7.0,server_yolo_seg,0.8232421875,105326,1,1.000000,1440,1920,95,1.32,4.80,0.94,1,
5769FA8F-7419-4BFC-B8DD-E2BF55371B09-231030173225,22.10,0.456,24.15,0.456,257.00,0.81,multi_row_median+reference,da3_openvino_npu,600,800,556.4,,76.2,9.0,server_yolo_seg,0.896484375,197950,1,1.000000,1440,1920,95,2.05,9.28,0.89,1,
577C938E-2B83-4EE3-A118-E2EFD2CA1940-231106165023,19.30,0.312,19.14,0.312,292.00,0.81,multi_row_median+reference,da3_openvino_npu,600,800,555.7,,87.5,11.0,server_yolo_seg,0.89990234375,230169,1,1.000000,1440,1920,95,0.16,0.83,0.91,1,
58E9B45D-D50C-4ABF-9C64-9AD39DCDE752-231106170124,37.90,1.601,40.49,1.601,134.00,0.98,multi_row_median+reference,da3_openvino_npu,600,800,557.4,,78.6,7.0,server_yolo_seg,0.82666015625,107535,1,1.000000,1440,1920,95,2.59,6.83,0.94,1,
594B8AEC-5E78-447A-9AF8-37FDDF4C8F49-231030172134,54.60,2.479,62.91,2.479,134.00,0.99,multi_row_median+reference,da3_openvino_npu,600,800,554.0,,70.5,7.0,server_yolo_seg,0.73583984375,103229,1,1.000000,1440,1920,95,8.31,15.22,0.92,1,
5C8673AD-1D78-498F-A58E-FEA71EBE02EC-231106170107,38.70,1.030,38.81,1.030,191.00,0.93,multi_row_median+reference,da3_openvino_npu,600,800,555.4,,79.1,7.0,server_yolo_seg,0.90869140625,161377,1,1.000000,1440,1920,95,0.11,0.28,0.93,1,
5DD5509C-7205-4968-B159-D2C508940641-231102162822,32.50,0.407,34.37,0.407,374.00,0.93,multi_row_median+reference,da3_openvino_npu,600,800,553.8,,87.8,12.7,server_yolo_seg,0.89599609375,299009,1,1.000000,1440,1920,95,1.87,5.75,0.90,1,
5E96B7B9-81D0-4CCB-AF22-594BB8B84D89-231102163229,32.80,1.492,38.72,1.492,137.00,0.93,multi_row_median+reference,da3_openvino_npu,600,800,554.9,,78.0,6.5,server_yolo_seg,0.7890625,101256,1,1.000000,1440,1920,95,5.92,18.05,0.92,1,
6078C209-4408-4901-8FBC-717364287522-231102163908,34.30,0.916,34.37,0.916,190.00,0.94,multi_row_median+reference,da3_openvino_npu,600,800,552.3,,66.4,5.0,server_yolo_seg,0.82958984375,148125,1,1.000000,1440,1920,95,0.07,0.20,0.88,1,
60B8A616-70B6-4ACA-93DD-7A59F666AF61-231103171207,25.20,0.349,27.59,0.349,356.00,0.82,multi_row_median+reference,da3_openvino_npu,600,800,553.8,,98.7,12.1,server_yolo_seg,0.888671875,278126,1,1.000000,1440,1920,95,2.39,9.48,0.92,1,
6161012B-7E6F-45B7-932C-F2C989B911B1-231103171434,19.80,0.275,22.67,0.275,371.00,0.81,multi_row_median+reference,da3_openvino_npu,600,800,559.9,,91.5,13.0,server_yolo_seg,0.892578125,285471,1,1.000000,1440,1920,95,2.87,14.49,0.93,1,
618EFD13-3EF2-4D15-BB14-FCD59E76CCA7-231102164704,38.40,0.794,37.85,0.794,233.00,0.94,multi_row_median+reference,da3_openvino_npu,600,800,562.1,,73.5,6.0,server_yolo_seg,0.853515625,193165,1,1.000000,1440,1920,95,0.55,1.43,0.89,1,
626441D8-ABA0-45E1-9257-69E0C22F5B66-231030170943,38.20,1.078,40.43,1.078,190.00,0.90,multi_row_median+reference,da3_openvino_npu,600,800,568.6,,70.3,6.0,server_yolo_seg,0.8642578125,165148,1,1.000000,1440,1920,95,2.23,5.84,0.88,1,
63156D82-2FBE-4577-BE39-D791F9907F07-231030165803,38.70,0.455,39.26,0.455,378.00,0.92,multi_row_median+reference,da3_openvino_npu,600,800,596.4,,78.3,9.4,server_yolo_seg,0.88818359375,295427,1,1.000000,1440,1920,95,0.56,1.45,0.91,1,
63DCDE6F-0AF2-4404-BAD4-9553FC45B89E-231102154416,69.10,1.097,78.51,1.097,325.00,0.85,multi_row_median+reference,da3_openvino_npu,600,800,558.9,,89.7,12.0,server_yolo_seg,0.83251953125,265593,1,1.000000,1440,1920,95,9.41,13.62,0.89,1,
683D1648-3264-419A-A999-857714C3EC62-231103164925,57.90,0.924,61.14,0.924,305.00,0.93,multi_row_median+reference,da3_openvino_npu,600,800,561.3,,75.0,7.0,server_yolo_seg,0.8935546875,238132,1,1.000000,1440,1920,95,3.24,5.60,0.89,1,
6927654D-E2E2-49E6-A85A-15BDAB4AA645-231030171112,41.80,0.502,41.41,0.502,366.00,0.92,multi_row_median+reference,da3_openvino_npu,600,800,562.4,,89.4,15.7,server_yolo_seg,0.87353515625,298169,1,1.000000,1440,1920,95,0.39,0.93,0.90,1,
69A5718F-400B-48E0-99D8-0E19B12491CB-231102155620,91.60,1.912,98.80,1.912,248.00,1.00,multi_row_median+reference,da3_openvino_npu,600,800,558.6,,73.6,7.5,server_yolo_seg,0.84423828125,191152,1,1.000000,1440,1920,95,7.20,7.86,0.86,1,
6A0B5C6E-78FB-4B3A-8E9C-9BE877AEDA04-231030172559,56.20,0.872,58.30,0.872,308.00,0.93,multi_row_median+reference,da3_openvino_npu,600,800,555.2,,72.7,10.0,server_yolo_seg,0.87060546875,256756,1,1.000000,1440,1920,95,2.10,3.74,0.88,1,
6A6C99D2-FF52-4669-9A2D-9A970CF3F2AC-231030170504,39.80,1.601,37.22,1.601,124.00,0.99,multi_row_median+reference,da3_openvino_npu,600,800,562.8,,66.3,4.5,server_yolo_seg,0.8212890625,99732,1,1.000000,1440,1920,95,2.58,6.48,0.87,1,
6A778C69-180A-43B3-9F5D-C1A651233C7E-231102165508,36.20,0.793,37.94,0.793,234.00,0.93,multi_row_median+reference,da3_openvino_npu,600,800,556.9,,83.6,6.0,server_yolo_seg,0.83935546875,193300,1,1.000000,1440,1920,95,1.74,4.81,0.88,1,
6AD40276-8FFE-454C-AA9F-145E40CCB16B-231102164401,33.50,0.916,36.06,0.916,198.00,0.94,multi_row_median+reference,da3_openvino_npu,600,800,560.5,,74.7,5.6,server_yolo_seg,0.7998046875,147955,1,1.000000,1440,1920,95,2.56,7.64,0.88,1,
6BFCEC46-7595-4009-A134-461D23B2918A-231103164318,63.10,0.813,69.34,0.813,373.00,0.91,multi_row_median+reference,da3_openvino_npu,600,800,558.5,,81.9,11.0,server_yolo_seg,0.87060546875,304138,1,1.000000,1440,1920,95,6.24,9.89,0.88,1,
6ECAE414-A27F-487A-A351-28F5EE060981-231030173858,25.20,0.528,26.11,0.528,242.00,0.82,multi_row_median+reference,da3_openvino_npu,600,800,560.2,,72.4,6.5,server_yolo_seg,0.87060546875,195263,1,1.000000,1440,1920,95,0.91,3.61,0.89,1,
7051BCCE-A9AB-4ECD-9F98-8DD1DCDE2138-231103164904,58.80,0.746,64.05,0.746,375.00,0.94,multi_row_median+reference,da3_openvino_npu,600,800,559.1,,78.0,11.1,server_yolo_seg,0.88818359375,285303,1,1.000000,1440,1920,95,5.25,8.93,0.85,1,
707E3C6C-5CDD-42B6-B7A2-EB56F7B2DA3E-231106164748,21.80,0.279,22.13,0.279,359.00,0.81,multi_row_median+reference,da3_openvino_npu,600,800,561.0,,81.2,10.0,server_yolo_seg,0.89501953125,288507,1,1.000000,1440,1920,95,0.33,1.51,0.85,1,
70D014A8-4406-4B6F-A27D-EF5C18CC593B-231103162949,55.00,1.706,62.17,1.706,185.00,0.98,multi_row_median+reference,da3_openvino_npu,600,800,557.8,,118.8,6.0,server_yolo_seg,0.873046875,143602,1,1.000000,1440,1920,95,7.17,13.04,0.90,1,
714B2F71-F34D-44FD-BDC6-F76C169C255F-231103171350,25.50,1.053,26.40,1.053,133.00,0.92,multi_row_median+reference,da3_openvino_npu,600,800,558.3,,66.7,6.5,server_yolo_seg,0.81005859375,104979,1,1.000000,1440,1920,95,0.90,3.53,0.86,1,
715B3992-B6E3-4A17-A0A0-BEE9EF9D3D9F-231103164139,79.90,1.631,82.72,1.631,245.00,0.93,multi_row_median+reference,da3_openvino_npu,600,800,561.2,,74.4,9.5,server_yolo_seg,0.796875,228669,1,1.000000,1440,1920,95,2.82,3.53,0.87,1,
717B280F-EC1B-4D80-B9E5-EE41E354ABDC-231103171253,24.80,0.518,24.09,0.518,230.00,0.94,multi_row_median+reference,da3_openvino_npu,600,800,556.2,,74.5,6.5,server_yolo_seg,0.90283203125,195955,1,1.000000,1440,1920,95,0.71,2.86,0.87,1,
72BBC036-8FD4-4D7E-ADD9-64E6D0ECE258-231106164954,19.90,0.269,20.29,0.269,346.00,0.81,multi_row_median+reference,da3_openvino_npu,600,800,555.9,,73.6,9.0,server_yolo_seg,0.89990234375,265670,1,1.000000,1440,1920,95,0.39,1.96,0.85,1,
73B3EE9A-0831-4DB7-91B1-BBB6DE792D14-231106171551,45.40,2.109,50.20,2.109,127.00,0.97,multi_row_median+reference,da3_openvino_npu,600,800,553.2,,62.8,6.5,server_yolo_seg,0.74267578125,86437,1,1.000000,1440,1920,95,4.80,10.57,0.86,1,
740B4BA1-C62D-4FAB-BCA0-E4A8A469FA60-231030173746,25.20,0.336,28.38,0.336,376.00,0.82,multi_row_median+reference,da3_openvino_npu,600,800,555.1,,78.7,10.1,server_yolo_seg,0.873046875,279421,1,1.000000,1440,1920,95,3.18,12.62,0.86,1,
7421E007-5AA3-4EAF-9B4D-D044783A82F6-231102154528,74.60,1.407,74.47,1.407,254.00,0.85,multi_row_median+reference,da3_openvino_npu,600,800,554.7,,78.6,10.1,server_yolo_seg,0.798828125,223458,1,1.000000,1440,1920,95,0.13,0.17,0.87,1,
753E0A1A-4A1D-4820-851C-35883FF33BF6-231106170509,40.40,1.173,44.99,1.173,194.00,0.94,multi_row_median+reference,da3_openvino_npu,600,800,559.8,,70.9,6.1,server_yolo_seg,0.83984375,149619,1,1.000000,1440,1920,95,4.59,11.36,0.88,1,
758D898A-EBDB-429A-9A15-C75A48756371-231030172910,23.80,0.403,28.23,0.403,323.00,0.82,multi_row_median+reference,da3_openvino_npu,600,800,560.1,,80.1,8.4,server_yolo_seg,0.89599609375,239595,1,1.000000,1440,1920,95,4.43,18.61,0.85,1,
7619A731-A386-49DC-8BFE-7381B0AE6316-231103162614,65.60,0.795,63.10,0.795,352.00,0.93,multi_row_median+reference,da3_openvino_npu,600,800,559.5,,83.3,11.6,server_yolo_seg,0.84326171875,306521,1,1.000000,1440,1920,95,2.50,3.81,0.90,1,
7682F115-6DEC-491A-89B2-76FF5B812EBB-231102160518,88.40,2.043,100.20,2.043,238.00,0.97,multi_row_median+reference,da3_openvino_npu,600,800,564.9,,77.0,5.0,server_yolo_seg,0.8701171875,194599,1,1.000000,1440,1920,95,11.80,13.35,0.87,1,
7745C79C-6682-4351-A680-FBAF0648ED9A-231030172334,57.00,1.138,57.31,1.138,244.00,0.93,multi_row_median+reference,da3_openvino_npu,600,800,561.5,,73.9,6.0,server_yolo_seg,0.89990234375,194425,1,1.000000,1440,1920,95,0.31,0.54,0.86,1,
77696FDD-F29A-4888-9C95-60200A9DD93B-231103171034,24.00,0.412,26.24,0.412,299.00,0.82,multi_row_median+reference,da3_openvino_npu,600,800,557.6,,78.6,7.0,server_yolo_seg,0.87890625,232926,1,1.000000,1440,1920,95,2.24,9.33,0.86,1,
777102A3-3E8D-440B-9B1F-33B4BE4BF3A6-231102163109,33.50,0.558,39.80,0.558,326.00,0.94,multi_row_median+reference,da3_openvino_npu,600,800,555.7,,75.6,6.5,server_yolo_seg,0.8828125,235668,1,1.000000,1440,1920,95,6.30,18.81,0.88,1,
7787FA84-9DC5-40A9-B977-6A7C96C3DFF9-231103164633,90.50,1.059,89.10,1.059,368.00,0.88,multi_row_median+reference,da3_openvino_npu,600,800,559.6,3.0,85.5,12.1,server_yolo_seg,0.8603515625,315551,1,1.000000,1440,1920,95,1.40,1.55,0.88,1,
790843D3-325B-48DF-A954-30892F431A83-231106170426,40.20,0.593,37.61,0.593,297.00,0.94,multi_row_median+reference,da3_openvino_npu,600,800,560.8,,81.9,6.0,server_yolo_seg,0.87353515625,246156,1,1.000000,1440,1920,95,2.59,6.44,0.87,1,
7934DAD5-B91E-4C24-AEC2-0A8C09326883-231102164139,34.20,1.502,37.46,1.502,132.00,0.97,multi_row_median+reference,da3_openvino_npu,600,800,578.3,,77.4,6.9,server_yolo_seg,0.65625,117038,1,1.000000,1440,1920,95,3.26,9.53,0.91,1,
7A0BBF09-29B2-46C9-8FDB-E8F5A089352F-231103171335,25.70,0.806,26.72,0.806,171.00,0.94,multi_row_median+reference,da3_openvino_npu,600,800,573.1,,94.6,5.0,server_yolo_seg,0.81591796875,137283,1,1.000000,1440,1920,95,1.02,3.97,0.89,1,
7A74BCAC-118C-4BE4-8310-6993E9FA5B1A-231103163508,55.20,0.904,59.47,0.904,304.00,0.94,multi_row_median+reference,da3_openvino_npu,600,800,580.2,,80.4,7.5,server_yolo_seg,0.8642578125,245121,1,1.000000,1440,1920,95,4.27,7.74,0.93,1,
7B318D5F-C979-4503-AAD4-5568FF0C4518-231103171225,25.10,0.375,26.09,0.375,321.00,0.82,multi_row_median+reference,da3_openvino_npu,600,800,585.2,,95.1,13.1,server_yolo_seg,0.88720703125,250231,1,1.000000,1440,1920,95,0.99,3.94,0.93,1,
7B48692C-771B-4B96-853A-6C5E53417200-231106165958,37.20,0.614,41.69,0.614,313.00,0.93,multi_row_median+reference,da3_openvino_npu,600,800,620.5,,90.8,6.9,server_yolo_seg,0.85888671875,251425,1,1.000000,1440,1920,95,4.49,12.07,0.98,1,
7C634F13-375A-49CF-B19D-E101F27AE33B-231030173546,20.90,0.445,26.03,0.445,279.00,0.82,multi_row_median+reference,da3_openvino_npu,600,800,570.3,,98.0,11.0,server_yolo_seg,0.85888671875,198191,1,1.000000,1440,1920,95,5.13,24.55,0.92,1,
7DE3C6BE-8BD5-4C28-BD87-E4B072E84995-231103171510,20.80,0.423,19.86,0.423,232.00,0.94,multi_row_median+reference,da3_openvino_npu,600,800,600.1,1.5,71.7,5.5,server_yolo_seg,0.8759765625,194358,1,1.000000,1440,1920,95,0.94,4.52,0.90,1,
80808C7E-124B-47AB-8C34-33FCAEC7A863-231106164618,17.90,0.321,19.19,0.321,286.00,0.81,multi_row_median+reference,da3_openvino_npu,600,800,616.6,,79.8,6.0,server_yolo_seg,0.8759765625,221692,1,1.000000,1440,1920,95,1.29,7.21,0.93,1,
80B0CCC7-896C-4E6B-AD54-0816C11354E5-231106171152,43.90,0.545,46.24,0.545,374.00,0.94,multi_row_median+reference,da3_openvino_npu,600,800,610.1,,85.2,6.5,server_yolo_seg,0.8818359375,287767,1,1.000000,1440,1920,95,2.34,5.33,0.93,1,
8154463E-A87C-4754-AFDC-DB9E02A8CB25-231103171016,25.70,0.319,25.86,0.319,363.00,0.81,multi_row_median+reference,da3_openvino_npu,600,800,568.1,,102.0,16.6,server_yolo_seg,0.89990234375,289766,1,1.000000,1440,1920,95,0.16,0.62,0.94,1,
820F9EFD-2D1E-417E-97FB-1EC14D8C2669-231030172036,60.00,1.158,62.12,1.158,257.00,0.92,multi_row_median+reference,da3_openvino_npu,600,800,585.6,,85.2,6.6,server_yolo_seg,0.876953125,204416,1,1.000000,1440,1920,95,2.12,3.53,0.94,1,
84068786-E459-4034-B52E-AA5C5C65EEBE-231103170835,25.20,0.405,26.10,0.405,302.00,0.82,multi_row_median+reference,da3_openvino_npu,600,800,569.0,,97.5,9.2,server_yolo_seg,0.8662109375,240414,1,1.000000,1440,1920,95,0.90,3.57,0.92,1,
872E734F-9D1C-48A4-8783-AC611BC8F146-231103164542,63.70,2.823,85.54,2.823,157.00,0.94,multi_row_median+reference,da3_openvino_npu,600,800,567.4,,98.2,14.6,server_yolo_seg,0.78369140625,110587,1,1.000000,1440,1920,95,21.84,34.29,0.94,1,
87688DB6-F5BB-4544-94B7-B1C7D833D729-231106165725,42.10,0.543,45.56,0.543,370.00,0.93,multi_row_median+reference,da3_openvino_npu,600,800,556.4,,92.2,13.5,server_yolo_seg,0.88818359375,295603,1,1.000000,1440,1920,95,3.46,8.22,0.91,1,
88A1BCFC-355B-4C62-A4F1-B8B9EDBE742D-231103164658,82.70,1.237,80.67,1.237,301.00,0.90,multi_row_median+reference,da3_openvino_npu,600,800,556.7,,138.6,10.6,server_yolo_seg,0.853515625,273736,1,1.000000,1440,1920,95,2.03,2.45,0.92,1,
89468993-3716-4226-9A62-DB593A63355F-231030170431,40.10,1.065,47.38,1.065,220.00,0.93,multi_row_median+reference,da3_openvino_npu,600,800,557.3,,72.4,7.0,server_yolo_seg,0.84765625,170374,1,1.000000,1440,1920,95,7.28,18.15,0.85,1,
8A2F0B25-D4A8-45E9-9D0E-F94AB6E813C1-231106171911,44.90,1.264,50.82,1.264,202.00,0.91,multi_row_median+reference,da3_openvino_npu,600,800,560.2,,78.0,6.5,server_yolo_seg,0.79296875,167085,1,1.000000,1440,1920,95,5.92,13.18,0.86,1,
8AE66BDC-B744-4F15-8C15-92F4B6DCF43C-231102164238,33.80,0.442,39.35,0.442,388.00,0.82,multi_row_median+reference,da3_openvino_npu,600,800,559.3,,82.2,18.0,server_yolo_seg,0.88525390625,278632,1,1.000000,1440,1920,95,5.55,16.42,0.89,1,
8BEEB728-E48D-4976-8553-CD599DBCA49D-231103164204,79.40,2.233,93.33,2.233,208.00,0.93,multi_row_median+reference,da3_openvino_npu,600,800,560.6,,79.6,8.0,server_yolo_seg,0.775390625,159712,1,1.000000,1440,1920,95,13.93,17.54,0.92,1,
8DABFA66-5457-453E-947E-82673191C95F-231106170839,43.60,0.689,45.99,0.689,309.00,0.93,multi_row_median+reference,da3_openvino_npu,600,800,559.9,,81.7,8.0,server_yolo_seg,0.8818359375,238173,1,1.000000,1440,1920,95,2.39,5.48,0.88,1,
8DECFF29-0CD6-43BC-882E-FFD5B5613F6A-231103171454,19.80,0.320,19.01,0.320,284.00,0.94,multi_row_median+reference,da3_openvino_npu,600,800,557.4,,80.2,10.0,server_yolo_seg,0.892578125,244503,1,1.000000,1440,1920,95,0.79,3.99,0.88,1,
8F796EC6-B8EA-4BE4-AF16-230506CFB170-231106164430,24.60,0.661,20.83,0.661,164.00,0.94,multi_row_median+reference,da3_openvino_npu,600,800,559.3,,66.0,6.0,server_yolo_seg,0.857421875,141032,1,1.000000,1440,1920,95,3.77,15.33,0.88,1,
8FAF8F29-3879-453C-A4E9-8DC66A81B789-231102154616,71.00,1.922,81.85,1.922,211.00,0.95,multi_row_median+reference,da3_openvino_npu,600,800,555.7,,74.2,6.5,server_yolo_seg,0.77001953125,151321,1,1.000000,1440,1920,95,10.85,15.28,0.91,1,
90A2A83A-051C-4C54-8875-F3620A43639B-231102163131,33.50,0.704,34.80,0.704,241.00,0.94,multi_row_median+reference,da3_openvino_npu,600,800,559.7,,72.8,7.0,server_yolo_seg,0.85107421875,190359,1,1.000000,1440,1920,95,1.30,3.88,0.87,1,
90DD16A7-A540-472D-BEC8-9747EC9A856E-231106164637,18.50,0.389,18.00,0.389,230.00,0.82,multi_row_median+reference,da3_openvino_npu,600,800,555.5,,74.1,5.0,server_yolo_seg,0.85107421875,183514,1,1.000000,1440,1920,95,0.50,2.70,0.83,1,
9199DADA-6BEF-4ECA-A9D0-C6DD9A27E95E-231030170559,36.10,0.522,42.62,0.522,363.00,0.91,multi_row_median+reference,da3_openvino_npu,600,800,557.9,,80.6,9.1,server_yolo_seg,0.87353515625,291800,1,1.000000,1440,1920,95,6.52,18.06,0.86,1,
91A8BCF7-4E5D-4555-ACBC-A00E23E266C7-231102160425,95.30,1.186,101.54,1.186,373.00,0.92,multi_row_median+reference,da3_openvino_npu,600,800,553.1,,81.3,10.9,server_yolo_seg,0.89599609375,286620,1,1.000000,1440,1920,95,6.24,6.55,0.84,1,
91AC3B4C-0B9D-4900-BED0-E99132411D98-231102154037,76.20,1.174,78.23,1.174,307.00,0.92,multi_row_median+reference,da3_openvino_npu,600,800,555.1,,79.2,7.0,server_yolo_seg,0.861328125,237434,1,1.000000,1440,1920,95,2.03,2.66,0.88,1,
924444EE-22D5-4893-9B01-B8D673325B42-231103165656,49.90,1.089,53.59,1.089,239.00,0.93,multi_row_median+reference,da3_openvino_npu,600,800,558.9,,68.3,6.0,server_yolo_seg,0.86767578125,190964,1,1.000000,1440,1920,95,3.69,7.39,0.85,1,
937288D6-7198-40DF-B055-D05549EC23C3-231106170535,39.20,1.852,44.80,1.852,129.00,1.00,multi_row_median+reference,da3_openvino_npu,600,800,554.3,,59.7,4.5,server_yolo_seg,0.75537109375,99518,1,1.000000,1440,1920,95,5.60,14.29,0.82,1,
93CC5813-E267-4247-9BB9-1AA8E1CC3B1C-231106171534,46.40,1.290,51.55,1.290,201.00,0.93,multi_row_median+reference,da3_openvino_npu,600,800,552.5,,64.6,5.3,server_yolo_seg,0.84765625,147903,1,1.000000,1440,1920,95,5.15,11.10,0.87,1,
9549A6EB-71EB-4329-8A21-81C23EAB2B7F-231030171144,40.10,0.613,41.39,0.613,312.00,0.90,multi_row_median+reference,da3_openvino_npu,600,800,555.3,,73.5,6.1,server_yolo_seg,0.84765625,262577,1,1.000000,1440,1920,95,1.29,3.22,0.82,1,
963572CF-86E8-4BFA-A004-741FB9F4572C-231106164353,24.20,0.361,23.20,0.361,302.00,0.81,multi_row_median+reference,da3_openvino_npu,600,800,554.6,,74.9,9.1,server_yolo_seg,0.89501953125,242620,1,1.000000,1440,1920,95,1.00,4.13,0.85,1,
96A8BC2C-75B7-4930-9D87-64B3E66447D7-231102153530,73.80,3.239,81.48,3.239,133.00,0.99,multi_row_median+reference,da3_openvino_npu,600,800,557.0,,59.7,4.1,server_yolo_seg,0.72607421875,47264,1,1.000000,1440,1920,95,7.68,10.41,0.86,1,
97A0B7EF-89B0-4D67-9C85-4375B1185CD9-231102160610,91.40,2.660,100.18,2.660,190.00,0.95,multi_row_median+reference,da3_openvino_npu,600,800,550.3,,68.8,7.0,server_yolo_seg,0.8505859375,152479,1,1.000000,1440,1920,95,8.78,9.61,0.84,1,
988C623B-EA27-400B-A6E4-C7B8BAAC3FA4-231102160153,87.60,1.544,100.97,1.544,301.00,0.87,multi_row_median+reference,da3_openvino_npu,600,800,554.2,,78.2,5.6,server_yolo_seg,0.85205078125,254749,1,1.000000,1440,1920,95,13.37,15.26,0.85,1,
9927C215-1247-4E2F-B0BE-080CB5EA20F9-231103165122,49.80,0.669,55.35,0.669,365.00,0.94,multi_row_median+reference,da3_openvino_npu,600,800,559.7,,77.3,8.5,server_yolo_seg,0.8671875,281331,1,1.000000,1440,1920,95,5.55,11.14,0.87,1,
99BD07E9-DA51-4FF5-B31B-59F06FE59E37-231103163350,59.90,2.800,76.28,2.800,143.00,0.93,multi_row_median+reference,da3_openvino_npu,600,800,551.8,,61.9,7.5,server_yolo_seg,0.5927734375,90205,1,1.000000,1440,1920,95,16.38,27.35,0.83,1,
9AED4A9C-FFE0-4269-8C7D-EA21435C7934-231030171806,57.50,1.109,57.87,1.109,251.00,0.94,multi_row_median+reference,da3_openvino_npu,600,800,550.5,,67.3,5.5,server_yolo_seg,0.8330078125,196482,1,1.000000,1440,1920,95,0.37,0.64,0.83,1,
9B49F6B7-3755-4FC8-8105-6E2338761606-231103162656,64.50,1.315,71.68,1.315,260.00,0.91,multi_row_median+reference,da3_openvino_npu,600,800,556.4,,77.5,7.0,server_yolo_seg,0.83544921875,200874,1,1.000000,1440,1920,95,7.18,11.13,0.85,1,
9BC88873-161F-483A-AA01-EE001071835B-231106171508,47.90,0.943,47.95,0.943,247.00,0.94,multi_row_median+reference,da3_openvino_npu,600,800,561.4,,98.0,7.3,server_yolo_seg,0.8291015625,202010,1,1.000000,1440,1920,95,0.05,0.10,0.88,1,
9C269082-947B-4594-B852-9DE07219A85A-231102163541,33.70,0.955,36.29,0.955,192.00,0.94,multi_row_median+reference,da3_openvino_npu,600,800,553.8,,73.9,4.5,server_yolo_seg,0.81640625,157510,1,1.000000,1440,1920,95,2.59,7.69,0.85,1,
9C474F38-5BA7-4995-8CD7-01D759B82310-231106170705,42.50,0.864,45.23,0.864,253.00,0.93,multi_row_median+reference,da3_openvino_npu,600,800,552.3,,68.6,7.0,server_yolo_seg,0.861328125,198415,1,1.000000,1440,1920,95,2.73,6.42,0.83,1,
9DA02E89-7CE1-44B9-A89C-6A229B06EADC-231106164901,21.30,0.591,22.95,0.591,197.00,0.94,multi_row_median+reference,da3_openvino_npu,600,800,555.5,,62.9,5.0,server_yolo_seg,0.8359375,142359,1,1.000000,1440,1920,95,1.65,7.75,0.82,1,
9E3F216A-6C10-4B74-B34D-C0B57024E498-231106171006,40.70,0.518,43.26,0.518,370.00,0.94,multi_row_median+reference,da3_openvino_npu,600,800,553.2,,72.2,7.5,server_yolo_seg,0.8896484375,286748,1,1.000000,1440,1920,95,2.56,6.29,0.84,1,
9F269D08-7EA3-455F-9629-85791CE024DE-231030172301,56.60,0.884,58.84,0.884,307.00,0.93,multi_row_median+reference,da3_openvino_npu,600,800,557.7,1.0,71.8,8.0,server_yolo_seg,0.890625,237777,1,1.000000,1440,1920,95,2.24,3.96,0.84,1,
9F73328D-D2F8-439B-B869-335182FAE993-231106171031,40.10,0.639,47.01,0.639,334.00,0.94,multi_row_median+reference,da3_openvino_npu,600,800,556.5,,108.8,6.8,server_yolo_seg,0.8828125,248187,1,1.000000,1440,1920,95,6.91,17.23,0.90,1,
9F99DFFF-5348-44AD-B46E-3C90954E07E4-231030172355,54.40,1.512,57.55,1.512,192.00,0.99,multi_row_median+reference,da3_openvino_npu,600,800,582.8,,63.3,5.0,server_yolo_seg,0.8447265625,150086,1,1.000000,1440,1920,95,3.15,5.79,0.87,1,
9FC806F2-DED3-47A3-AD54-318AC8699C18-231106170304,40.50,1.143,41.50,1.143,185.00,1.00,multi_row_median+reference,da3_openvino_npu,600,800,557.8,,67.4,4.5,server_yolo_seg,0.8671875,150759,1,1.000000,1440,1920,95,1.00,2.47,0.85,1,
A04F3BBD-8E42-4C94-9B58-E33BBA1C9474-231106171825,44.90,0.555,47.26,0.555,375.00,0.91,multi_row_median+reference,da3_openvino_npu,600,800,559.4,,76.4,10.0,server_yolo_seg,0.86279296875,299563,1,1.000000,1440,1920,95,2.36,5.26,0.85,1,
A1D28D2F-45E1-4927-9AF4-BE7B12D134FC-231102165403,35.60,0.449,39.13,0.449,382.00,0.93,multi_row_median+reference,da3_openvino_npu,600,800,557.9,,93.4,16.3,server_yolo_seg,0.89990234375,299415,1,1.000000,1440,1920,95,3.53,9.92,0.88,1,
A2CC54D8-E3C3-4989-95CA-C22FCB0592CC-231030173317,31.40,1.077,27.43,1.077,135.00,0.93,multi_row_median+reference,da3_openvino_npu,600,800,552.3,,69.3,5.0,server_yolo_seg,0.8154296875,103978,1,1.000000,1440,1920,95,3.97,12.64,0.88,1,
A37D0CD9-51D7-401A-90A2-6286DC5FBA70-231106170213,40.60,0.670,41.52,0.670,291.00,0.94,multi_row_median+reference,da3_openvino_npu,600,800,559.9,,96.1,7.0,server_yolo_seg,0.86474609375,233435,1,1.000000,1440,1920,95,0.92,2.27,0.88,1,
A395089E-749C-4A8D-BD25-95B6F809736D-231102164345,32.90,0.688,32.49,0.688,232.00,0.94,multi_row_median+reference,da3_openvino_npu,600,800,581.7,1.5,88.0,7.8,server_yolo_seg,0.8583984375,192435,1,1.000000,1440,1920,95,0.41,1.25,0.91,1,
A3FEE96D-3D7A-40B6-9894-911E07238E07-231102163623,32.90,1.441,35.32,1.441,130.00,1.00,multi_row_median+reference,da3_openvino_npu,600,800,611.5,,79.0,5.0,server_yolo_seg,0.708984375,107021,1,1.000000,1440,1920,95,2.42,7.36,0.92,1,
A47B844D-82FE-4AE4-A208-95A408C0F959-231103163633,56.70,2.529,65.11,2.529,136.00,0.99,multi_row_median+reference,da3_openvino_npu,600,800,556.4,,70.2,4.5,server_yolo_seg,0.77587890625,76225,1,1.000000,1440,1920,95,8.41,14.83,0.88,1,
A4D2962A-37F7-41AC-B788-40C4BAB4AE12-231103165340,49.90,2.375,59.74,2.375,133.00,0.93,multi_row_median+reference,da3_openvino_npu,600,800,555.4,,66.9,4.0,server_yolo_seg,0.78662109375,90054,1,1.000000,1440,1920,95,9.84,19.72,0.86,1,
A54394DF-9983-4767-963A-4D13C719DBA9-231102163450,33.50,0.713,38.62,0.713,260.00,0.94,multi_row_median+reference,da3_openvino_npu,600,800,559.6,,89.4,7.6,server_yolo_seg,0.84619140625,195971,1,1.000000,1440,1920,95,5.12,15.28,0.90,1,
A5EE4960-F0A6-4443-A934-A252072D5161-231103171602,20.50,0.905,24.18,0.905,141.00,0.94,multi_row_median+reference,da3_openvino_npu,600,800,585.3,,62.0,4.5,server_yolo_seg,0.8203125,103423,1,1.000000,1440,1920,95,3.68,17.95,0.89,1,
A6AE87BE-1D11-47AC-906B-D390F6872E76-231030172628,58.90,1.205,64.68,1.205,257.00,0.92,multi_row_median+reference,da3_openvino_npu,600,800,584.0,,80.0,6.5,server_yolo_seg,0.86767578125,198050,1,1.000000,1440,1920,95,5.78,9.81,0.95,1,
A8BD82FC-F918-43FC-B9C0-29DC56A474BF-231030170133,39.10,1.374,39.18,1.374,149.00,0.94,multi_row_median+reference,da3_openvino_npu,600,800,591.8,,140.3,4.5,server_yolo_seg,0.798828125,110851,1,1.000000,1440,1920,95,0.08,0.20,0.98,1,
AA42D85F-C06D-4235-BC8C-79726D85B7DE-231106172016,45.30,0.734,46.47,0.734,296.00,0.95,multi_row_median+reference,da3_openvino_npu,600,800,570.7,,139.9,9.0,server_yolo_seg,0.8701171875,238482,1,1.000000,1440,1920,95,1.17,2.58,0.97,1,
AB330FC1-5B24-42ED-B36D-8B2F2D217723-231102164321,33.40,0.520,32.80,0.520,295.00,0.94,multi_row_median+reference,da3_openvino_npu,600,800,560.0,,81.2,14.0,server_yolo_seg,0.876953125,244365,1,1.000000,1440,1920,95,0.60,1.80,0.93,1,
AB76D24A-91F7-46F0-BC4A-3851A28F86D4-231106170632,43.00,0.540,45.74,0.540,374.00,0.94,multi_row_median+reference,da3_openvino_npu,600,800,562.2,,83.1,11.1,server_yolo_seg,0.8662109375,290404,1,1.000000,1440,1920,95,2.74,6.37,0.90,1,
ABC6C468-C92F-4638-98BB-00D7CEA80DBA-231102165004,35.70,1.567,36.51,1.567,124.00,1.00,multi_row_median+reference,da3_openvino_npu,600,800,593.3,,75.1,4.5,server_yolo_seg,0.7216796875,97866,1,1.000000,1440,1920,95,0.81,2.27,0.91,1,
ABE153F9-0AA6-4C7A-B559-E64FC7E8C70B-231103170852,22.70,0.519,30.12,0.519,276.00,0.82,multi_row_median+reference,da3_openvino_npu,600,800,579.4,,70.6,5.0,server_yolo_seg,0.86474609375,198706,1,1.000000,1440,1920,95,7.42,32.69,0.89,1,
AE4B690B-65C3-4250-A4AF-B418B80FBA2F-231102164109,34.30,0.958,31.84,0.958,171.00,0.93,multi_row_median+reference,da3_openvino_npu,600,800,601.3,,87.6,5.0,server_yolo_seg,0.79833984375,151833,1,1.000000,1440,1920,95,2.46,7.17,0.93,1,
AE59D29F-4B1A-4FF8-B3E3-0002D17C1C2E-231030172526,54.20,0.712,66.27,0.712,399.00,0.94,multi_row_median+reference,da3_openvino_npu,600,800,591.0,,94.0,14.1,server_yolo_seg,0.88818359375,295176,1,1.000000,1440,1920,95,12.07,22.27,0.96,1,
AE9220EF-4390-49EB-8D91-6F0B0B3AE800-231030172010,61.50,0.757,62.43,0.757,364.00,0.94,multi_row_median+reference,da3_openvino_npu,600,800,618.4,,90.2,13.7,server_yolo_seg,0.8818359375,287327,1,1.000000,1440,1920,95,0.93,1.51,0.99,1,
AE9B0A98-4209-41F9-97B1-A36264E358B3-231102163045,33.50,0.446,40.42,0.446,394.00,0.82,multi_row_median+reference,da3_openvino_npu,600,800,569.3,,79.4,11.7,server_yolo_seg,0.89453125,282162,1,1.000000,1440,1920,95,6.92,20.66,0.90,1,
AEFB3F02-3AF8-473E-BA1A-3B1546CFD184-231103165315,50.30,1.517,55.36,1.517,185.00,1.00,multi_row_median+reference,da3_openvino_npu,600,800,556.7,,69.8,6.5,server_yolo_seg,0.8291015625,152226,1,1.000000,1440,1920,95,5.06,10.06,0.85,1,
B0282EE6-EEE1-4D55-A978-C0512F482178-231102155524,95.00,1.493,98.47,1.493,303.00,1.00,multi_row_median+reference,da3_openvino_npu,600,800,555.9,,79.7,7.0,server_yolo_seg,0.88330078125,226399,1,1.000000,1440,1920,95,3.47,3.65,0.85,1,
B03D5E8F-EA13-43E7-BC91-B5CFAFE8258E-231106171220,42.60,0.667,47.56,0.667,326.00,0.94,multi_row_median+reference,da3_openvino_npu,600,800,620.8,,94.1,8.5,server_yolo_seg,0.88134765625,240465,1,1.000000,1440,1920,95,4.96,11.64,0.96,1,
B22F95C7-DDFB-4E31-B097-EFD8619CFF8A-231030170811,40.70,0.764,44.46,0.764,276.00,0.89,multi_row_median+reference,da3_openvino_npu,600,800,558.5,,87.2,12.6,server_yolo_seg,0.86474609375,224904,1,1.000000,1440,1920,95,3.76,9.24,0.92,1,
B2A752BD-B238-4A48-AEF2-3EBA9AFA4700-231106171928,47.40,2.081,49.50,2.081,127.00,0.96,multi_row_median+reference,da3_openvino_npu,600,800,559.8,,66.8,5.6,server_yolo_seg,0.73095703125,93944,1,1.000000,1440,1920,95,2.10,4.43,0.85,1,
B308909B-29E2-4CC1-9A39-C14781749F64-231103164232,80.10,3.397,92.61,3.397,143.00,0.93,multi_row_median+reference,da3_openvino_npu,600,800,565.8,,67.5,7.9,server_yolo_seg,0.6953125,100911,1,1.000000,1440,1920,95,12.51,15.62,0.89,1,
B3703531-04E0-4977-ACE5-0EFEF1F11683-231103163729,68.20,0.878,79.10,0.878,389.00,0.93,multi_row_median+reference,da3_openvino_npu,600,800,559.1,,102.2,11.1,server_yolo_seg,0.8828125,303583,1,1.000000,1440,1920,95,10.90,15.98,0.93,1,
B4B9494E-2B44-40AA-B4C4-D38A5FB6ACA0-231102163406,34.00,0.440,36.77,0.440,370.00,0.94,multi_row_median+reference,da3_openvino_npu,600,800,583.5,,139.0,11.1,server_yolo_seg,0.8896484375,291213,1,1.000000,1440,1920,95,2.77,8.15,0.98,1,
B55BC9E2-7C42-4B76-93C3-B2DE195E2B85-231103165619,49.50,0.653,54.33,0.653,367.00,0.94,multi_row_median+reference,da3_openvino_npu,600,800,567.8,,90.6,11.6,server_yolo_seg,0.89208984375,284548,1,1.000000,1440,1920,95,4.83,9.76,0.91,1,
B6CBCB90-9CB1-49C6-9188-F17528C4DD4D-231106171733,48.90,1.358,53.34,1.358,198.00,1.00,multi_row_median+reference,da3_openvino_npu,600,800,561.0,,79.0,6.5,server_yolo_seg,0.86474609375,156440,1,1.000000,1440,1920,95,4.44,9.08,0.86,1,
B8924E4A-1AAA-41C1-8134-54890307785B-231102165158,39.90,0.639,41.58,0.639,302.00,0.92,multi_row_median+reference,da3_openvino_npu,600,800,558.4,,77.1,6.5,server_yolo_seg,0.84423828125,232854,1,1.000000,1440,1920,95,1.68,4.21,0.85,1,
B8E056A1-246F-442D-959D-09E904E92882-231103162639,65.20,0.946,62.90,0.946,306.00,0.92,multi_row_median+reference,da3_openvino_npu,600,800,568.2,,87.1,11.1,server_yolo_seg,0.85205078125,265487,1,1.000000,1440,1920,95,2.30,3.53,0.91,1,
B96FE045-CC1D-4763-A4E3-2544211C0A02-231103162829,57.20,0.767,63.33,0.767,364.00,0.94,multi_row_median+reference,da3_openvino_npu,600,800,557.8,,93.3,15.8,server_yolo_seg,0.88134765625,286021,1,1.000000,1440,1920,95,6.13,10.72,0.90,1,
B9AB2850-0CE2-4549-8C93-7E27AA4FDEC8-231106171843,46.60,0.686,42.16,0.686,289.00,0.93,multi_row_median+reference,da3_openvino_npu,600,800,558.2,,92.6,11.4,server_yolo_seg,0.84619140625,250920,1,1.000000,1440,1920,95,4.44,9.53,0.92,1,
BA841055-0FE8-455B-8DC0-993FF07CBDD8-231102164043,34.80,0.575,37.21,0.575,301.00,0.93,multi_row_median+reference,da3_openvino_npu,600,800,559.8,,84.6,7.5,server_yolo_seg,0.84130859375,241604,1,1.000000,1440,1920,95,2.41,6.93,0.89,1,
BAD3334B-BE8F-4B0E-A2F5-37284030DF3C-231030172845,25.30,0.321,26.05,0.321,365.00,0.82,multi_row_median+reference,da3_openvino_npu,600,800,566.8,,84.6,11.1,server_yolo_seg,0.8984375,289480,1,1.000000,1440,1920,95,0.75,2.96,0.90,1,
BBB1AD61-4692-455D-B6D8-2E88E95D0E8A-231106165755,42.00,0.655,44.06,0.655,310.00,0.92,multi_row_median+reference,da3_openvino_npu,600,800,559.8,,79.6,6.0,server_yolo_seg,0.8828125,242438,1,1.000000,1440,1920,95,2.06,4.90,0.89,1,
BBE9EC4A-06E5-43FE-AB61-21B826ED8B07-231106170649,42.30,0.688,41.94,0.688,287.00,0.93,multi_row_median+reference,da3_openvino_npu,600,800,555.1,,82.0,7.5,server_yolo_seg,0.876953125,230542,1,1.000000,1440,1920,95,0.36,0.85,0.87,1,
BC1E91AE-30BB-479A-995E-596F962FB79C-231106171057,40.60,1.131,43.57,1.131,195.00,0.93,multi_row_median+reference,da3_openvino_npu,600,800,569.5,,76.4,6.5,server_yolo_seg,0.85400390625,158876,1,1.000000,1440,1920,95,2.97,7.32,0.90,1,
BCCEE27A-5A10-405B-8FB8-41F539367835-231106164555,18.30,0.243,18.39,0.243,347.00,0.80,multi_row_median+reference,da3_openvino_npu,600,800,572.4,1.0,97.8,14.7,server_yolo_seg,0.90234375,267600,1,1.000000,1440,1920,95,0.09,0.49,0.91,1,
BCE427EC-B380-4122-8D67-C7AC981F9E54-231030171317,40.30,1.532,43.66,1.532,149.00,0.94,multi_row_median+reference,da3_openvino_npu,600,800,574.4,,74.8,7.0,server_yolo_seg,0.78173828125,117769,1,1.000000,1440,1920,95,3.36,8.34,0.95,1,
BD1B6B2B-3AD2-41C6-8F0B-BE18454D5C15-231102164625,37.80,0.515,41.69,0.515,359.00,0.92,multi_row_median+reference,da3_openvino_npu,600,800,579.6,,78.7,11.5,server_yolo_seg,0.8759765625,286264,1,1.000000,1440,1920,95,3.89,10.29,0.92,1,
BE418F5D-3F5E-4463-BCC1-BAFB35693D05-231030173244,21.80,0.678,25.98,0.678,194.00,0.82,multi_row_median+reference,da3_openvino_npu,600,800,590.3,,79.8,6.3,server_yolo_seg,0.82177734375,147692,1,1.000000,1440,1920,95,4.18,19.17,0.91,1,
BE8831E2-41FE-4F22-B949-5B24FE6C66AF-231103163918,67.50,1.874,83.24,1.874,219.00,0.93,multi_row_median+reference,da3_openvino_npu,600,800,569.3,,79.8,8.0,server_yolo_seg,0.8232421875,171198,1,1.000000,1440,1920,95,15.74,23.32,0.90,1,
BFBFF155-0E66-4822-A812-A49169E04C72-231106164843,21.80,0.510,23.78,0.510,231.00,0.82,multi_row_median+reference,da3_openvino_npu,600,800,565.3,,84.4,7.0,server_yolo_seg,0.84912109375,186056,1,1.000000,1440,1920,95,1.98,9.08,0.90,1,
C05F1515-C6C4-47C7-B490-C6EA2B04B115-231106171115,41.10,1.935,46.01,1.935,127.00,0.96,multi_row_median+reference,da3_openvino_npu,600,800,572.5,,65.7,5.0,server_yolo_seg,0.80810546875,90218,1,1.000000,1440,1920,95,4.91,11.95,0.85,1,
C6DAB866-BAF0-42AB-B479-3746DC332626-231102154231,73.10,3.022,72.74,3.022,128.00,0.93,multi_row_median+reference,da3_openvino_npu,600,800,552.5,,72.0,6.5,server_yolo_seg,0.1827392578125,112975,1,1.000000,1440,1920,95,0.36,0.49,0.89,1,
C715A7DF-2947-452F-BC5C-19BE0275CEC8-231103162909,56.30,0.920,61.56,0.920,308.00,0.93,multi_row_median+reference,da3_openvino_npu,600,800,551.7,,75.3,7.5,server_yolo_seg,0.8974609375,244454,1,1.000000,1440,1920,95,5.26,9.34,0.87,1,
C9CD4CE3-BDAF-445E-A118-CA4EDA34D04E-231103165528,53.30,1.586,57.49,1.586,184.00,0.98,multi_row_median+reference,da3_openvino_npu,600,800,589.4,,68.3,4.0,server_yolo_seg,0.8408203125,156440,1,1.000000,1440,1920,95,4.19,7.86,0.89,1,
CC1099DD-ABB5-4462-9F7C-060511CDAE49-231030171828,51.30,1.287,54.73,1.287,211.00,0.92,multi_row_median+reference,da3_openvino_npu,600,800,572.8,,79.3,10.6,server_yolo_seg,0.82861328125,159883,1,1.000000,1440,1920,95,3.43,6.69,0.92,1,
CEE45A1E-AD17-405B-B67D-D0BC5A9152D5-231030173921,28.60,0.687,27.07,0.687,199.00,0.80,multi_row_median+reference,da3_openvino_npu,600,800,573.5,,79.2,5.5,server_yolo_seg,0.857421875,154746,1,1.000000,1440,1920,95,1.53,5.35,0.91,1,
D00D78FA-8827-4F48-B335-99F4C84D9AF2-231102155457,92.40,1.152,101.93,1.152,382.00,0.94,multi_row_median+reference,da3_openvino_npu,600,800,575.5,,83.0,12.0,server_yolo_seg,0.8896484375,284594,1,1.000000,1440,1920,95,9.53,10.31,0.91,1,
D3003218-6FEB-498C-8A63-10DA975894E0-231103164713,78.00,1.694,97.30,1.694,271.00,0.95,multi_row_median+reference,da3_openvino_npu,600,800,563.4,,79.8,8.5,server_yolo_seg,0.83251953125,218491,1,1.000000,1440,1920,95,19.30,24.74,0.88,1,
D3D81770-69D8-463D-82F9-3A9C89F2D543-231103171112,24.70,0.718,28.14,0.718,198.00,0.82,multi_row_median+reference,da3_openvino_npu,600,800,557.1,,70.2,5.0,server_yolo_seg,0.8330078125,148780,1,1.000000,1440,1920,95,3.44,13.93,0.88,1,
D4611D1D-308C-4FC6-9D1F-B1D14B37C89E-231106164822,21.10,0.330,19.49,0.330,283.00,0.94,multi_row_median+reference,da3_openvino_npu,600,800,557.1,,83.4,8.5,server_yolo_seg,0.87841796875,241579,1,1.000000,1440,1920,95,1.61,7.63,0.86,1,
D5ABBCA9-9A15-4798-8A35-ED70BF5EE620-231102162530,32.70,1.368,33.85,1.368,131.00,1.00,multi_row_median+reference,da3_openvino_npu,600,800,558.8,,62.2,4.5,server_yolo_seg,0.82958984375,103759,1,1.000000,1440,1920,95,1.15,3.52,0.84,1,
D5C5F6C3-A5E3-442C-99ED-EC7068E04F6A-231030165941,34.40,0.579,37.80,0.579,303.00,0.91,multi_row_median+reference,da3_openvino_npu,600,800,552.3,,88.7,11.0,server_yolo_seg,0.85986328125,245664,1,1.000000,1440,1920,95,3.40,9.88,0.88,1,
D83E00A0-4C52-44D6-9396-69515DE8C045-231103165036,54.10,2.383,60.48,2.383,134.00,0.93,multi_row_median+reference,da3_openvino_npu,600,800,564.0,,80.0,6.6,server_yolo_seg,0.79638671875,106925,1,1.000000,1440,1920,95,6.38,11.79,0.88,1,
D861C9AC-0E2C-4915-872D-735684D08D47-231102154655,73.30,3.139,75.66,3.139,128.00,0.99,multi_row_median+reference,da3_openvino_npu,600,800,565.7,,111.4,5.0,server_yolo_seg,0.5078125,47658,1,1.000000,1440,1920,95,2.36,3.22,0.89,1,
D88A230A-9299-45AA-92AE-96546A249C53-231102155937,91.00,1.859,100.06,1.859,257.00,0.94,multi_row_median+reference,da3_openvino_npu,600,800,569.1,,78.8,12.6,server_yolo_seg,0.82666015625,206645,1,1.000000,1440,1920,95,9.06,9.96,0.88,1,
DA0D64A8-37DC-4653-9B13-193F69F5F9E9-231102165428,34.60,0.573,35.32,0.573,289.00,0.93,multi_row_median+reference,da3_openvino_npu,600,800,557.3,,85.7,9.1,server_yolo_seg,0.88330078125,247154,1,1.000000,1440,1920,95,0.72,2.08,0.88,1,
DD04FB40-41C6-4CF4-B56A-B14E7762674F-231103163157,61.90,0.988,68.55,0.988,317.00,0.93,multi_row_median+reference,da3_openvino_npu,600,800,561.6,,83.6,7.5,server_yolo_seg,0.88427734375,245404,1,1.000000,1440,1920,95,6.65,10.74,0.91,1,
DD12C7BC-E461-44A6-9308-A1C8B7314B91-231102162448,31.70,0.514,32.82,0.514,298.00,0.94,multi_row_median+reference,da3_openvino_npu,600,800,555.8,,77.5,10.1,server_yolo_seg,0.8662109375,244475,1,1.000000,1440,1920,95,1.12,3.53,0.88,1,
DE08DAD8-F9F8-46B2-BB19-83EEC3CA1C70-231102163003,31.30,1.471,36.96,1.471,133.00,1.00,multi_row_median+reference,da3_openvino_npu,600,800,559.9,,65.3,6.8,server_yolo_seg,0.7841796875,86101,1,1.000000,1440,1920,95,5.66,18.08,0.85,1,
DE5D7D00-B265-43EC-923C-A8C76A7BFDF4-231030172959,26.00,0.731,27.01,0.731,188.00,0.93,multi_row_median+reference,da3_openvino_npu,600,800,554.7,,72.5,5.0,server_yolo_seg,0.85498046875,145856,1,1.000000,1440,1920,95,1.01,3.88,0.86,1,
DE663800-4592-44F6-990C-1B5D88618ECC-231103164741,77.20,2.138,96.21,2.138,221.00,0.93,multi_row_median+reference,da3_openvino_npu,600,800,559.7,,69.0,6.0,server_yolo_seg,0.82373046875,165729,1,1.000000,1440,1920,95,19.01,24.62,0.83,1,
DECA3195-C199-4C50-8B34-58574631652B-231102155916,93.40,1.406,99.11,1.406,320.00,0.90,multi_row_median+reference,da3_openvino_npu,600,800,561.9,,75.3,9.8,server_yolo_seg,0.8701171875,255594,1,1.000000,1440,1920,95,5.71,6.11,0.91,1,
DFC35E47-F0C4-48C2-BCE3-902207D9B789-231102162846,33.30,0.504,32.39,0.504,300.00,0.94,multi_row_median+reference,da3_openvino_npu,600,800,554.6,,85.0,9.1,server_yolo_seg,0.876953125,232746,1,1.000000,1440,1920,95,0.91,2.73,0.88,1,
DFF3F262-26AD-48A1-9DAD-133CD8BE0AB0-231030172224,53.40,0.696,58.26,0.696,369.00,0.93,multi_row_median+reference,da3_openvino_npu,600,800,610.5,,78.5,7.0,server_yolo_seg,0.88134765625,288330,1,1.000000,1440,1920,95,4.86,9.10,0.89,1,
E0DECFFE-467C-4BDE-BAA5-4C49F57F5584-231106170411,40.50,0.508,39.93,0.508,353.00,0.95,multi_row_median+reference,da3_openvino_npu,600,800,556.5,1.0,82.5,10.0,server_yolo_seg,0.8759765625,287245,1,1.000000,1440,1920,95,0.57,1.41,0.85,1,
E1BCD1BE-F55E-4384-8E42-827B5130157B-231030172100,54.90,1.579,61.22,1.579,195.00,0.99,multi_row_median+reference,da3_openvino_npu,600,800,560.6,,70.2,7.3,server_yolo_seg,0.857421875,154263,1,1.000000,1440,1920,95,6.32,11.51,0.88,1,
E1C52BC0-7C24-4617-8822-8DF7714FAB1C-231106170336,40.40,1.738,44.63,1.738,136.00,1.00,multi_row_median+reference,da3_openvino_npu,600,800,556.5,,70.6,5.0,server_yolo_seg,0.83251953125,99503,1,1.000000,1440,1920,95,4.23,10.47,0.89,1,
E25A6BF9-AB52-44AB-9F13-5AD0AD0771FE-231106171959,45.30,0.610,48.30,0.610,354.00,0.94,multi_row_median+reference,da3_openvino_npu,600,800,558.2,,81.8,7.0,server_yolo_seg,0.89111328125,279698,1,1.000000,1440,1920,95,3.00,6.62,0.87,1,
E290B75F-5F98-4F2D-95E9-B50B2CDD057F-231102153345,77.00,1.563,79.84,1.563,246.00,1.00,multi_row_median+reference,da3_openvino_npu,600,800,554.0,,77.2,10.1,server_yolo_seg,0.81640625,183785,1,1.000000,1440,1920,95,2.84,3.69,0.88,1,
E316AF52-B590-4484-8EA2-D673E7C75421-231030170054,39.60,0.927,32.74,0.927,180.00,0.93,multi_row_median+reference,da3_openvino_npu,600,800,559.0,,76.8,6.0,server_yolo_seg,0.83642578125,158130,1,1.000000,1440,1920,95,6.86,17.32,0.87,1,
E549711A-B64F-4284-AF3A-256065B80FCA-231103163048,60.00,0.755,64.10,0.755,372.00,0.94,multi_row_median+reference,da3_openvino_npu,600,800,556.1,,86.6,11.1,server_yolo_seg,0.8662109375,299374,1,1.000000,1440,1920,95,4.10,6.83,0.88,1,
E5631A27-F6B3-460C-89EA-291D63718C4E-231106164412,23.40,0.466,18.92,0.466,205.00,0.82,multi_row_median+reference,da3_openvino_npu,600,800,559.3,,75.4,9.1,server_yolo_seg,0.86865234375,190796,1,1.000000,1440,1920,95,4.48,19.15,0.87,1,
E58343C8-42B2-4C33-9ADD-335CC87F4913-231106170934,40.80,1.814,47.67,1.814,139.00,0.97,multi_row_median+reference,da3_openvino_npu,600,800,559.6,,70.1,7.5,server_yolo_seg,0.81982421875,109344,1,1.000000,1440,1920,95,6.87,16.84,0.85,1,
E666387E-64C9-4A68-A218-2ECCE25DDD1D-231030171243,37.30,1.045,43.77,1.045,209.00,0.93,multi_row_median+reference,da3_openvino_npu,600,800,565.6,,80.7,8.5,server_yolo_seg,0.84765625,158770,1,1.000000,1440,1920,95,6.47,17.35,0.90,1,
E71A9468-2B38-41BC-9445-BDF22903F059-231103165745,50.70,2.137,54.64,2.137,135.00,0.99,multi_row_median+reference,da3_openvino_npu,600,800,559.9,0.5,65.3,4.5,server_yolo_seg,0.8134765625,91314,1,1.000000,1440,1920,95,3.94,7.77,0.89,1,
E8C400BE-5E30-47C2-B456-F42BEA282B4F-231102164019,35.30,0.450,37.11,0.450,366.00,0.93,multi_row_median+reference,da3_openvino_npu,600,800,565.8,,86.5,13.6,server_yolo_seg,0.869140625,280809,1,1.000000,1440,1920,95,1.81,5.13,0.87,1,
E991F624-D587-4B37-BF0B-3732E4D18BAF-231106171757,47.90,2.305,56.33,2.305,130.00,1.00,multi_row_median+reference,da3_openvino_npu,600,800,556.7,,69.8,8.1,server_yolo_seg,0.85205078125,81595,1,1.000000,1440,1920,95,8.43,17.60,0.88,1,
E99AC618-881C-44D6-B4DC-7666CC82B66C-231103165638,48.40,0.787,55.88,0.787,323.00,0.94,multi_row_median+reference,da3_openvino_npu,600,800,567.5,,82.0,6.5,server_yolo_seg,0.888671875,241393,1,1.000000,1440,1920,95,7.48,15.45,0.92,1,
EA057F83-0949-4B1B-8521-75D298542809-231106165811,41.40,0.903,44.52,0.903,240.00,0.92,multi_row_median+reference,da3_openvino_npu,600,800,566.1,1.0,78.3,9.1,server_yolo_seg,0.8857421875,192251,1,1.000000,1440,1920,95,3.12,7.54,0.92,1,
EC1BD4D1-141A-4BE0-9679-4FB6E14171F2-231103171132,24.40,1.084,26.97,1.084,132.00,0.92,multi_row_median+reference,da3_openvino_npu,600,800,608.0,1.0,71.1,5.5,server_yolo_seg,0.7392578125,102408,1,1.000000,1440,1920,95,2.57,10.53,0.95,1,
EE78EDDC-FC0C-4937-A8DB-940EE82C1393-231106165909,39.50,1.887,46.62,1.887,131.00,1.00,multi_row_median+reference,da3_openvino_npu,600,800,559.5,,69.3,4.5,server_yolo_seg,0.80078125,103999,1,1.000000,1440,1920,95,7.12,18.03,0.90,1,
F166D7B2-0BB8-4850-9994-202B92E7900C-231103162925,56.80,1.232,62.11,1.232,244.00,0.93,multi_row_median+reference,da3_openvino_npu,600,800,557.8,,75.3,5.5,server_yolo_seg,0.87451171875,195328,1,1.000000,1440,1920,95,5.31,9.35,0.87,1,
F3848A4E-342D-4621-9F75-9D7B20DCFEFE-231106171432,44.30,0.598,50.25,0.598,371.00,0.94,multi_row_median+reference,da3_openvino_npu,600,800,562.5,,95.0,15.1,server_yolo_seg,0.853515625,281698,1,1.000000,1440,1920,95,5.95,13.43,0.95,1,
F422C5BB-E257-43D4-91F2-C81BFDE3BB7C-231103165500,53.40,1.091,56.89,1.091,251.00,0.93,multi_row_median+reference,da3_openvino_npu,600,800,566.6,,73.4,5.5,server_yolo_seg,0.87353515625,201855,1,1.000000,1440,1920,95,3.49,6.54,0.89,1,
F54B5F40-7B22-4D43-88DC-4803390814D4-231103165549,55.40,2.504,58.26,2.504,124.00,0.93,multi_row_median+reference,da3_openvino_npu,600,800,557.9,,108.5,6.5,server_yolo_seg,0.7470703125,86007,1,1.000000,1440,1920,95,2.86,5.16,0.92,1,
F7A9163C-1D9B-4704-96C4-6B0CD366DEBA-231106171457,44.40,0.725,46.64,0.725,300.00,0.94,multi_row_median+reference,da3_openvino_npu,600,800,560.6,,80.8,6.5,server_yolo_seg,0.822265625,239596,1,1.000000,1440,1920,95,2.24,5.05,0.89,1,
F8901EB9-53B4-40B6-9EE7-3DA7CF035FCF-231102164649,38.50,0.586,33.70,0.586,273.00,0.94,multi_row_median+reference,da3_openvino_npu,600,800,567.4,,70.7,9.0,server_yolo_seg,0.8603515625,241453,1,1.000000,1440,1920,95,4.80,12.47,0.90,1,
F898532F-E3B0-4F9A-ADC9-880007659FCB-231103165007,55.40,1.690,59.82,1.690,180.00,0.98,multi_row_median+reference,da3_openvino_npu,600,800,565.6,,77.9,5.0,server_yolo_seg,0.82177734375,148461,1,1.000000,1440,1920,95,4.42,7.98,0.89,1,
F8DB542C-96FA-4DE0-9694-8F1FB564A0B4-231103164401,60.90,1.350,68.78,1.350,246.00,0.98,multi_row_median+reference,da3_openvino_npu,600,800,601.6,1.0,82.8,7.0,server_yolo_seg,0.85205078125,217620,1,1.000000,1440,1920,95,7.88,12.94,0.93,1,
F9D438F0-FD06-4601-AF09-A7DB679BDCD3-231106164710,19.30,0.787,15.94,0.787,110.00,0.94,multi_row_median+reference,da3_openvino_npu,600,800,573.4,,70.5,5.1,server_yolo_seg,0.796875,97189,1,1.000000,1440,1920,95,3.36,17.41,0.87,1,
FA52E627-5217-49CF-BB65-107FD46C28E2-231106170725,42.70,1.194,45.75,1.194,194.00,0.92,multi_row_median+reference,da3_openvino_npu,600,800,605.5,,92.1,12.3,server_yolo_seg,0.83935546875,153508,1,1.000000,1440,1920,95,3.05,7.14,1.00,1,
FA83E47C-1108-4A38-B5EA-41B203E53031-231102163155,32.90,0.992,34.93,0.992,180.00,0.93,multi_row_median+reference,da3_openvino_npu,600,800,601.6,,92.9,6.5,server_yolo_seg,0.7744140625,142422,1,1.000000,1440,1920,95,2.03,6.17,1.01,1,
FAB20FF9-6652-4761-83AC-6DB47964588E-231102165621,34.00,1.560,41.22,1.560,139.00,0.99,multi_row_median+reference,da3_openvino_npu,600,800,585.0,,91.4,5.5,server_yolo_seg,0.73681640625,105448,1,1.000000,1440,1920,95,7.22,21.24,0.96,1,
FAFBCC77-5787-4D18-8003-2A2F6CDD79B5-231030173446,21.30,0.346,23.99,0.346,321.00,0.81,multi_row_median+reference,da3_openvino_npu,600,800,607.5,,100.5,8.5,server_yolo_seg,0.88525390625,243801,1,1.000000,1440,1920,95,2.69,12.63,0.96,1,
FB06EC68-F483-46B4-9898-C0A7C586D7C1-231106171236,43.50,0.919,46.72,0.919,247.00,0.92,multi_row_median+reference,da3_openvino_npu,600,800,648.8,,70.3,6.5,server_yolo_seg,0.8603515625,188739,1,1.000000,1440,1920,95,3.22,7.40,0.96,1,
FBD4691A-2D48-4B05-A101-C6508590C869-231030171219,37.00,0.803,34.26,0.803,213.00,0.92,multi_row_median+reference,da3_openvino_npu,600,800,557.0,,81.5,8.5,server_yolo_seg,0.837890625,199248,1,1.000000,1440,1920,95,2.74,7.41,0.90,1,
FC8D0755-8075-4983-9ECC-EA5A93747698-231106170444,41.20,0.854,44.92,0.854,254.00,0.94,multi_row_median+reference,da3_openvino_npu,600,800,559.1,,77.0,5.0,server_yolo_seg,0.86865234375,192888,1,1.000000,1440,1920,95,3.72,9.03,0.89,1,
FD7A2A35-1B5C-484C-8B4A-86DDA252CB04-231102160659,88.20,3.929,100.48,3.929,135.00,0.93,multi_row_median+reference,da3_openvino_npu,600,800,555.7,,68.9,5.0,server_yolo_seg,0.8857421875,79929,1,1.000000,1440,1920,95,12.28,13.92,0.85,1,
FDBB7C67-8F49-4248-9F36-3EDAE6FE9BB2-231103163242,62.00,1.226,62.99,1.226,248.00,0.93,multi_row_median+reference,da3_openvino_npu,600,800,572.5,,93.4,8.2,server_yolo_seg,0.8720703125,206875,1,1.000000,1440,1920,95,0.99,1.60,0.90,1,
FF921956-221D-493E-8F78-8F1554D7C63E-231030170733,36.20,0.657,46.08,0.657,321.00,0.90,multi_row_median+reference,da3_openvino_npu,600,800,595.6,,75.3,10.0,server_yolo_seg,0.85986328125,260282,1,1.000000,1440,1920,95,9.88,27.29,0.91,1,
